ComplainantID,CaseMasterID,ComplainantName,AgeYear,Occupation,GenderID
COMP00001,CASE00001,Mugdha Jaggi,19,Government Employee,F
COMP00002,CASE00002,George Dhar,33,Homemaker,M
COMP00003,CASE00003,Lavanya Ghose,41,Farmer,F
COMP00004,CASE00004,Alexander Choudhury,37,Student,M
COMP00005,CASE00005,Wriddhish Rau,62,Farmer,M
COMP00006,CASE00006,Peter Virk,65,Business,M
COMP00007,CASE00007,Brijesh Palan,22,Private Employee,M
COMP00008,CASE00008,Yash Jhaveri,35,Farmer,M
COMP00009,CASE00009,Darpan Behl,54,Private Employee,M
COMP00010,CASE00010,Hritik Dyal,49,Private Employee,M
COMP00011,CASE00011,Jai Kadakia,52,Business,M
COMP00012,CASE00012,Aarav Kade,75,Government Employee,M
COMP00013,CASE00013,Gautam Behl,38,Private Employee,M
COMP00014,CASE00014,Meera Rao,26,Private Employee,F
COMP00015,CASE00015,Rajata Natt,23,Unemployed,F
COMP00016,CASE00016,Bakhshi Pant,21,Business,M
COMP00017,CASE00017,Raksha Mand,29,Student,F
COMP00018,CASE00018,Urvashi Bandi,60,Homemaker,F
COMP00019,CASE00019,Kevin Agrawal,19,Unemployed,M
COMP00020,CASE00020,Veer Nayak,42,Private Employee,M
COMP00021,CASE00021,Samar Sibal,29,Unemployed,M
COMP00022,CASE00022,Ekalinga Aurora,29,Farmer,M
COMP00023,CASE00023,Umang Gour,29,Government Employee,M
COMP00024,CASE00024,Veer Yadav,63,Student,M
COMP00025,CASE00025,Farhan Baria,60,Student,M
COMP00026,CASE00026,Veer Pathak,67,Government Employee,M
COMP00027,CASE00027,Sathvik Mishra,32,Government Employee,M
COMP00028,CASE00028,Girish Ram,23,Business,M
COMP00029,CASE00029,Anirudh Borra,71,Farmer,M
COMP00030,CASE00030,Zayan Sampath,52,Homemaker,M
COMP00031,CASE00031,Abdul Balakrishnan,56,Unemployed,M
COMP00032,CASE00032,Bahadurjit Bhatt,57,Homemaker,M
COMP00033,CASE00033,Yug Behl,68,Private Employee,M
COMP00034,CASE00034,Ansh Randhawa,59,Unemployed,M
COMP00035,CASE00035,Urvi Bansal,36,Farmer,F
COMP00036,CASE00036,Arjun Nath,61,Government Employee,M
COMP00037,CASE00037,Azaan Wason,30,Private Employee,M
COMP00038,CASE00038,Nachiket Andra,30,Homemaker,M
COMP00039,CASE00039,Azaan Borah,51,Business,M
COMP00040,CASE00040,Henry Kapur,33,Private Employee,M
COMP00041,CASE00041,Gaurav Nagarajan,41,Farmer,M
COMP00042,CASE00042,Oni Verma,65,Business,F
COMP00043,CASE00043,Siddharth Kata,75,Business,M
COMP00044,CASE00044,Farhan Shah,20,Business,M
COMP00045,CASE00045,Advaith Purohit,69,Private Employee,M
COMP00046,CASE00046,Bimala Pandit,29,Private Employee,F
COMP00047,CASE00047,Mason Sachar,53,Government Employee,M
COMP00048,CASE00048,Ansh Shetty,57,Government Employee,M
COMP00049,CASE00049,Faqid Balay,39,Farmer,M
COMP00050,CASE00050,Advik Kapadia,31,Private Employee,M
COMP00051,CASE00051,Januja Krish,19,Business,F
COMP00052,CASE00052,Kala Andra,28,Homemaker,F
COMP00053,CASE00053,Ikshita Rajan,58,Business,F
COMP00054,CASE00054,Nandini Sekhon,41,Business,F
COMP00055,CASE00055,Noah Jhaveri,48,Homemaker,M
COMP00056,CASE00056,Yatan Gade,18,Government Employee,M
COMP00057,CASE00057,Michael Majumdar,69,Business,M
COMP00058,CASE00058,Damini Hayre,45,Private Employee,F
COMP00059,CASE00059,Caleb Kari,38,Business,M
COMP00060,CASE00060,Logan Chopra,73,Student,M
COMP00061,CASE00061,Farhan Handa,20,Private Employee,M
COMP00062,CASE00062,Mitesh Chaudry,69,Business,M
COMP00063,CASE00063,Samaksh Dara,18,Farmer,M
COMP00064,CASE00064,Baljiwan Bhakta,69,Business,M
COMP00065,CASE00065,Advaith Wadhwa,26,Business,M
COMP00066,CASE00066,Chakradev Sen,47,Government Employee,M
COMP00067,CASE00067,Riya Rout,36,Unemployed,F
COMP00068,CASE00068,Qarin Dar,59,Student,M
COMP00069,CASE00069,Upkaar Chacko,51,Student,M
COMP00070,CASE00070,Bachittar Sama,55,Business,M
COMP00071,CASE00071,Avi Chaudhari,34,Student,M
COMP00072,CASE00072,Parth Raj,62,Farmer,M
COMP00073,CASE00073,Neel Loyal,72,Homemaker,M
COMP00074,CASE00074,Rishi Viswanathan,73,Homemaker,M
COMP00075,CASE00075,Omya Sanghvi,45,Business,F
COMP00076,CASE00076,Bachittar Saxena,72,Private Employee,M
COMP00077,CASE00077,Bahadurjit Doctor,23,Farmer,M
COMP00078,CASE00078,Reyansh Sheth,66,Government Employee,M
COMP00079,CASE00079,Vedika Amble,34,Homemaker,F
COMP00080,CASE00080,Vinaya Kant,63,Student,F
COMP00081,CASE00081,David Gopal,43,Student,M
COMP00082,CASE00082,Ekantika Krishna,44,Student,F
COMP00083,CASE00083,Chakradhar Raju,18,Unemployed,M
COMP00084,CASE00084,Lucky Basak,52,Unemployed,M
COMP00085,CASE00085,Jatin Munshi,19,Unemployed,M
COMP00086,CASE00086,Bakhshi Chauhan,49,Unemployed,M
COMP00087,CASE00087,Umang Batta,54,Unemployed,M
COMP00088,CASE00088,Parth Roy,31,Private Employee,M
COMP00089,CASE00089,Reyansh Dugar,41,Business,M
COMP00090,CASE00090,Inaya Jha,45,Business,F
COMP00091,CASE00091,Harsh Nath,19,Private Employee,M
COMP00092,CASE00092,Harish Pandya,19,Unemployed,M
COMP00093,CASE00093,Manthan Buch,44,Student,M
COMP00094,CASE00094,Hemani Goyal,54,Homemaker,F
COMP00095,CASE00095,Krisha Dutta,49,Private Employee,F
COMP00096,CASE00096,Krish Joshi,26,Homemaker,M
COMP00097,CASE00097,Warinder Vaidya,75,Private Employee,M
COMP00098,CASE00098,Anusha Viswanathan,68,Business,F
COMP00099,CASE00099,Abdul Singhal,48,Homemaker,M
COMP00100,CASE00100,Upkaar Bahl,55,Government Employee,M
COMP00101,CASE00101,Bina Raghavan,69,Student,F
COMP00102,CASE00102,Naksh Sarkar,20,Homemaker,M
COMP00103,CASE00103,Farhan Din,21,Homemaker,M
COMP00104,CASE00104,Chandran Nigam,33,Business,M
COMP00105,CASE00105,Ikbal Shukla,63,Student,M
COMP00106,CASE00106,Gabriel Mannan,29,Homemaker,M
COMP00107,CASE00107,Abhimanyu Anne,71,Private Employee,M
COMP00108,CASE00108,Omkaar Sani,68,Farmer,M
COMP00109,CASE00109,Simon Vaidya,66,Homemaker,M
COMP00110,CASE00110,Max Rajagopal,59,Private Employee,M
COMP00111,CASE00111,Om Kakar,66,Unemployed,M
COMP00112,CASE00112,Chandresh Chhabra,53,Homemaker,M
COMP00113,CASE00113,Teerth Korpal,42,Government Employee,M
COMP00114,CASE00114,Om Bhardwaj,40,Government Employee,M
COMP00115,CASE00115,Luke Verma,71,Farmer,M
COMP00116,CASE00116,Veer Sachar,23,Homemaker,M
COMP00117,CASE00117,Anthony Baria,46,Business,M
COMP00118,CASE00118,Abhiram Thaker,56,Private Employee,M
COMP00119,CASE00119,Ronith Choudhry,69,Business,M
COMP00120,CASE00120,Thomas Aggarwal,18,Homemaker,M
COMP00121,CASE00121,Wahab Vohra,50,Homemaker,M
COMP00122,CASE00122,Anmol Balan,73,Unemployed,M
COMP00123,CASE00123,Indrajit Biswas,40,Business,M
COMP00124,CASE00124,Parth Taneja,48,Farmer,M
COMP00125,CASE00125,Nidhi Korpal,42,Private Employee,F
COMP00126,CASE00126,Anay Varughese,21,Government Employee,M
COMP00127,CASE00127,Jeet Sharaf,31,Private Employee,M
COMP00128,CASE00128,Pranit Subramanian,36,Government Employee,M
COMP00129,CASE00129,Dev Varkey,34,Student,M
COMP00130,CASE00130,Gaurang Datta,56,Student,M
COMP00131,CASE00131,Finn Pradhan,63,Government Employee,M
COMP00132,CASE00132,Kalpit Malhotra,52,Farmer,M
COMP00133,CASE00133,Daksh Khatri,27,Government Employee,M
COMP00134,CASE00134,Azad Joshi,46,Unemployed,M
COMP00135,CASE00135,Nathan Chander,48,Unemployed,M
COMP00136,CASE00136,Yutika Pandya,75,Farmer,F
COMP00137,CASE00137,Kevin Shroff,32,Homemaker,M
COMP00138,CASE00138,Kalpit Din,46,Private Employee,M
COMP00139,CASE00139,David Sheth,40,Student,M
COMP00140,CASE00140,Laksh Zacharia,45,Government Employee,M
COMP00141,CASE00141,Atharv Sekhon,74,Government Employee,M
COMP00142,CASE00142,Owen Bahri,43,Student,M
COMP00143,CASE00143,Chakradev Bobal,62,Farmer,M
COMP00144,CASE00144,Veer Modi,75,Business,M
COMP00145,CASE00145,Varsha Sastry,56,Student,F
COMP00146,CASE00146,Omisha Arora,34,Homemaker,F
COMP00147,CASE00147,Kevin Kalita,67,Homemaker,M
COMP00148,CASE00148,Maanav Varghese,35,Unemployed,M
COMP00149,CASE00149,Zaid Shere,33,Private Employee,M
COMP00150,CASE00150,Radhika Bhavsar,63,Private Employee,F
COMP00151,CASE00151,Liam Rattan,40,Homemaker,M
COMP00152,CASE00152,Gagan Mannan,65,Student,M
COMP00153,CASE00153,Unnati Shankar,74,Homemaker,F
COMP00154,CASE00154,Ati Tank,66,Homemaker,F
COMP00155,CASE00155,Fariq Jayaraman,42,Student,M
COMP00156,CASE00156,Chanakya Batta,48,Private Employee,M
COMP00157,CASE00157,Jai Bhargava,73,Government Employee,M
COMP00158,CASE00158,Advaith Dhaliwal,73,Student,M
COMP00159,CASE00159,Daniel Aurora,40,Farmer,M
COMP00160,CASE00160,Kabir Subramaniam,46,Private Employee,M
COMP00161,CASE00161,Zaid Dasgupta,23,Farmer,M
COMP00162,CASE00162,Atharv Bal,48,Homemaker,M
COMP00163,CASE00163,Xavier Krishna,67,Government Employee,M
COMP00164,CASE00164,Jagdish Gandhi,55,Farmer,M
COMP00165,CASE00165,Eesha Ram,59,Unemployed,F
COMP00166,CASE00166,Balhaar De,72,Private Employee,M
COMP00167,CASE00167,Onkar Sarna,68,Student,M
COMP00168,CASE00168,Gunbir Ghose,40,Unemployed,M
COMP00169,CASE00169,Warjas Ghosh,33,Unemployed,M
COMP00170,CASE00170,Jatin Agarwal,34,Private Employee,M
COMP00171,CASE00171,Aarnav Banik,69,Private Employee,M
COMP00172,CASE00172,Maanas Sanghvi,45,Private Employee,M
COMP00173,CASE00173,Aarav Cheema,29,Government Employee,M
COMP00174,CASE00174,Pallavi Baria,26,Student,F
COMP00175,CASE00175,Vincent Kapadia,20,Unemployed,M
COMP00176,CASE00176,William Kannan,60,Homemaker,M
COMP00177,CASE00177,Michael Sami,20,Private Employee,M
COMP00178,CASE00178,Balveer Chadha,72,Business,M
COMP00179,CASE00179,Nathan Palla,22,Farmer,M
COMP00180,CASE00180,Chanakya Yohannan,70,Private Employee,M
COMP00181,CASE00181,Victor Dey,66,Unemployed,M
COMP00182,CASE00182,Warjas Sanghvi,44,Farmer,M
COMP00183,CASE00183,Fitan Saraf,62,Homemaker,M
COMP00184,CASE00184,Lakshit Biswas,54,Business,M
COMP00185,CASE00185,Lohit Walia,71,Private Employee,M
COMP00186,CASE00186,Omaja Luthra,23,Business,T
COMP00187,CASE00187,Qarin Dhaliwal,74,Private Employee,M
COMP00188,CASE00188,Avi Sheth,65,Student,M
COMP00189,CASE00189,Turvi Samra,35,Student,F
COMP00190,CASE00190,Frederick Baria,37,Unemployed,M
COMP00191,CASE00191,Champak Sood,46,Student,M
COMP00192,CASE00192,Triya Patla,50,Unemployed,F
COMP00193,CASE00193,Atharv Reddy,44,Business,M
COMP00194,CASE00194,Timothy Pant,18,Private Employee,M
COMP00195,CASE00195,Rishi Mand,64,Business,M
COMP00196,CASE00196,Finn Shetty,60,Unemployed,M
COMP00197,CASE00197,Hemangini Babu,71,Student,F
COMP00198,CASE00198,Falan Shetty,27,Unemployed,M
COMP00199,CASE00199,Lakshit Bera,65,Private Employee,M
COMP00200,CASE00200,Manan Yohannan,41,Student,M
COMP00201,CASE00201,Nakul Oza,56,Business,M
COMP00202,CASE00202,Timothy Venkataraman,51,Unemployed,M
COMP00203,CASE00203,Advay Grover,35,Unemployed,M
COMP00204,CASE00204,Amol Mander,32,Unemployed,M
COMP00205,CASE00205,Tanish Varkey,64,Government Employee,M
COMP00206,CASE00206,Sarthak Muni,29,Student,M
COMP00207,CASE00207,Faqid Kohli,36,Homemaker,M
COMP00208,CASE00208,Daksh Parsa,35,Homemaker,M
COMP00209,CASE00209,Akshay Mall,33,Business,M
COMP00210,CASE00210,Tristan Karan,29,Government Employee,M
COMP00211,CASE00211,Faras Sarma,21,Private Employee,M
COMP00212,CASE00212,Qabil Warrior,74,Farmer,M
COMP00213,CASE00213,Parth Wadhwa,42,Farmer,M
COMP00214,CASE00214,Indrajit Seshadri,37,Student,M
COMP00215,CASE00215,Veda Chana,31,Business,F
COMP00216,CASE00216,Bakhshi Morar,23,Private Employee,M
COMP00217,CASE00217,Laksh Bir,65,Business,M
COMP00218,CASE00218,Balveer Aurora,34,Student,M
COMP00219,CASE00219,Rudra Dhingra,37,Homemaker,M
COMP00220,CASE00220,Rushil Sandal,30,Private Employee,M
COMP00221,CASE00221,Indrajit Sandhu,36,Farmer,M
COMP00222,CASE00222,Zayan Sunder,75,Unemployed,M
COMP00223,CASE00223,Yashawini Bhavsar,28,Unemployed,F
COMP00224,CASE00224,Elijah Sarma,50,Student,M
COMP00225,CASE00225,Victor Dugal,71,Private Employee,M
COMP00226,CASE00226,Ekta Sarma,52,Unemployed,T
COMP00227,CASE00227,Robert Nagarajan,66,Homemaker,M
COMP00228,CASE00228,Zaid Lata,37,Homemaker,M
COMP00229,CASE00229,Niharika Mand,48,Private Employee,F
COMP00230,CASE00230,Jonathan Dhar,23,Government Employee,M
COMP00231,CASE00231,Bhavna Palla,22,Business,F
COMP00232,CASE00232,Azad Sarin,18,Government Employee,M
COMP00233,CASE00233,Girik Oza,41,Government Employee,M
COMP00234,CASE00234,Faraj Bedi,44,Homemaker,M
COMP00235,CASE00235,Girish Vyas,70,Farmer,M
COMP00236,CASE00236,Samar Brahmbhatt,57,Business,M
COMP00237,CASE00237,Gaurav Sani,41,Unemployed,M
COMP00238,CASE00238,Pranav Narasimhan,25,Student,M
COMP00239,CASE00239,Vihaan Nadkarni,38,Private Employee,M
COMP00240,CASE00240,Odika Kara,69,Business,F
COMP00241,CASE00241,Elijah Walla,54,Business,M
COMP00242,CASE00242,Elijah Pillai,74,Unemployed,M
COMP00243,CASE00243,Falak Raja,22,Government Employee,F
COMP00244,CASE00244,Kavya Butala,53,Student,F
COMP00245,CASE00245,Gautam Bhatt,69,Business,M
COMP00246,CASE00246,Mekhala Om,73,Farmer,F
COMP00247,CASE00247,George Loke,40,Homemaker,M
COMP00248,CASE00248,Girish Sarin,31,Business,M
COMP00249,CASE00249,Ekaraj Srinivasan,72,Farmer,M
COMP00250,CASE00250,Wyatt Rajagopal,37,Business,M
COMP00251,CASE00251,Lucky Mitra,54,Farmer,M
COMP00252,CASE00252,Warjas Raman,63,Homemaker,M
COMP00253,CASE00253,Karan Wali,21,Government Employee,M
COMP00254,CASE00254,Zaitra Bail,22,Homemaker,F
COMP00255,CASE00255,Advik Dave,42,Government Employee,M
COMP00256,CASE00256,Aryan Bali,63,Business,M
COMP00257,CASE00257,Garima Manda,29,Private Employee,F
COMP00258,CASE00258,Isha Kalla,24,Unemployed,F
COMP00259,CASE00259,Charan Ramanathan,41,Business,M
COMP00260,CASE00260,Samaksh Contractor,71,Government Employee,M
COMP00261,CASE00261,Mohini Amble,72,Farmer,F
COMP00262,CASE00262,Upadhriti Sami,65,Farmer,F
COMP00263,CASE00263,Champak Sangha,50,Private Employee,M
COMP00264,CASE00264,Ekapad Roy,75,Government Employee,M
COMP00265,CASE00265,Dev Dhar,23,Private Employee,M
COMP00266,CASE00266,Warinder Khalsa,23,Government Employee,M
COMP00267,CASE00267,Teerth Parmar,39,Unemployed,M
COMP00268,CASE00268,Patrick Reddy,30,Homemaker,M
COMP00269,CASE00269,Robert Chokshi,22,Private Employee,M
COMP00270,CASE00270,Neel Jhaveri,30,Farmer,M
COMP00271,CASE00271,Mohini Srinivasan,36,Farmer,F
COMP00272,CASE00272,Vihaan Raman,52,Farmer,M
COMP00273,CASE00273,Gavin Bali,24,Farmer,M
COMP00274,CASE00274,Victor Sen,74,Unemployed,M
COMP00275,CASE00275,Logan Rau,57,Business,M
COMP00276,CASE00276,Madhav Sami,67,Private Employee,M
COMP00277,CASE00277,Amol Halder,44,Unemployed,M
COMP00278,CASE00278,Krisha Ratta,45,Government Employee,F
COMP00279,CASE00279,Sai Bhatnagar,37,Private Employee,M
COMP00280,CASE00280,Mekhala Kota,37,Farmer,F
COMP00281,CASE00281,Leela Shan,65,Government Employee,F
COMP00282,CASE00282,Devansh Das,24,Government Employee,M
COMP00283,CASE00283,Wriddhish Kurian,57,Homemaker,M
COMP00284,CASE00284,Pooja Pau,35,Private Employee,F
COMP00285,CASE00285,Ikbal Bose,44,Private Employee,M
COMP00286,CASE00286,Abeer Char,57,Unemployed,M
COMP00287,CASE00287,Gauri Varma,19,Student,F
COMP00288,CASE00288,Bhavini Dani,62,Unemployed,F
COMP00289,CASE00289,Wyatt Rai,59,Student,M
COMP00290,CASE00290,Girik Viswanathan,23,Farmer,M
COMP00291,CASE00291,Wazir Balakrishnan,66,Homemaker,M
COMP00292,CASE00292,Ikshita Dhar,64,Business,F
COMP00293,CASE00293,Nihal Vasa,28,Unemployed,M
COMP00294,CASE00294,Qadim Nagar,69,Unemployed,M
COMP00295,CASE00295,Viraj Banik,52,Government Employee,M
COMP00296,CASE00296,Kai Deol,50,Government Employee,M
COMP00297,CASE00297,Advaith Kuruvilla,23,Unemployed,M
COMP00298,CASE00298,Xalak Virk,40,Unemployed,F
COMP00299,CASE00299,Qarin Singhal,59,Homemaker,M
COMP00300,CASE00300,Ronith Ben,57,Business,M
COMP00301,CASE00301,Ekaraj Soni,27,Farmer,M
COMP00302,CASE00302,Teerth Wali,58,Private Employee,M
COMP00303,CASE00303,Qabil Mukherjee,69,Unemployed,M
COMP00304,CASE00304,Arjun Bala,18,Farmer,M
COMP00305,CASE00305,Aarush Sood,32,Government Employee,M
COMP00306,CASE00306,Jonathan Sidhu,58,Unemployed,M
COMP00307,CASE00307,Brinda Kapadia,58,Private Employee,F
COMP00308,CASE00308,Agastya Sem,66,Government Employee,M
COMP00309,CASE00309,Anirudh Solanki,47,Farmer,M
COMP00310,CASE00310,Lucky Naik,28,Government Employee,M
COMP00311,CASE00311,Joshua Ratti,59,Unemployed,M
COMP00312,CASE00312,Hardik Nair,72,Private Employee,M
COMP00313,CASE00313,Ekavir Badami,57,Student,M
COMP00314,CASE00314,Joshua Chander,34,Homemaker,M
COMP00315,CASE00315,Fitan Wason,47,Farmer,M
COMP00316,CASE00316,William Date,40,Farmer,M
COMP00317,CASE00317,Timothy Master,29,Unemployed,M
COMP00318,CASE00318,Aishani Narayan,39,Unemployed,F
COMP00319,CASE00319,Darika Dash,74,Homemaker,T
COMP00320,CASE00320,Daniel Raman,63,Government Employee,M
COMP00321,CASE00321,Gautami Singhal,51,Student,F
COMP00322,CASE00322,Faqid Aurora,42,Farmer,M
COMP00323,CASE00323,Harrison Bera,19,Government Employee,M
COMP00324,CASE00324,Ekani Savant,71,Government Employee,F
COMP00325,CASE00325,Hritik Mangat,44,Homemaker,M
COMP00326,CASE00326,Dhruv Yogi,37,Student,M
COMP00327,CASE00327,Yuvraj Tella,69,Student,M
COMP00328,CASE00328,Maanav Thakur,56,Private Employee,M
COMP00329,CASE00329,Ranbir Pai,55,Farmer,M
COMP00330,CASE00330,Henry Dubey,23,Unemployed,M
COMP00331,CASE00331,Ishaan Sarkar,64,Business,M
COMP00332,CASE00332,Upkaar Wagle,45,Student,M
COMP00333,CASE00333,Gayathri Mand,34,Government Employee,F
COMP00334,CASE00334,Qasim Gopal,75,Student,M
COMP00335,CASE00335,Parth Salvi,71,Private Employee,M
COMP00336,CASE00336,David Sinha,26,Government Employee,M
COMP00337,CASE00337,Victor Bajwa,49,Business,M
COMP00338,CASE00338,Gautam Rajagopal,50,Student,M
COMP00339,CASE00339,Manbir Rao,42,Private Employee,M
COMP00340,CASE00340,Advik Raval,57,Business,M
COMP00341,CASE00341,Urvi Guha,22,Government Employee,F
COMP00342,CASE00342,Hitesh Ahuja,21,Student,M
COMP00343,CASE00343,Kai Bobal,74,Government Employee,M
COMP00344,CASE00344,Ikshita Lalla,19,Farmer,F
COMP00345,CASE00345,Bhavya Gera,69,Unemployed,T
COMP00346,CASE00346,Ekanta Agrawal,53,Student,F
COMP00347,CASE00347,Bachittar Oza,35,Student,M
COMP00348,CASE00348,Aashi Kuruvilla,35,Unemployed,F
COMP00349,CASE00349,Liam Palla,75,Farmer,M
COMP00350,CASE00350,Vedant Badal,57,Farmer,M
COMP00351,CASE00351,Abhimanyu Basu,19,Government Employee,M
COMP00352,CASE00352,Aarnav Madan,66,Unemployed,M
COMP00353,CASE00353,Wriddhish Tak,72,Business,M
COMP00354,CASE00354,Simon Madan,66,Private Employee,M
COMP00355,CASE00355,Manbir Kuruvilla,53,Government Employee,M
COMP00356,CASE00356,Hemani Gera,54,Private Employee,F
COMP00357,CASE00357,Faris Chandra,55,Unemployed,M
COMP00358,CASE00358,Kalpit Dutt,34,Student,M
COMP00359,CASE00359,Nisha Srinivasan,64,Farmer,F
COMP00360,CASE00360,Turvi Murthy,32,Private Employee,F
COMP00361,CASE00361,Dominic Deep,53,Government Employee,M
COMP00362,CASE00362,George Mann,74,Farmer,M
COMP00363,CASE00363,Amara Pathak,44,Student,F
COMP00364,CASE00364,Darpan Balay,21,Homemaker,M
COMP00365,CASE00365,Daksh Pai,64,Government Employee,M
COMP00366,CASE00366,Tarak Menon,64,Student,M
COMP00367,CASE00367,Jagat Kara,69,Business,M
COMP00368,CASE00368,Indrajit Chand,50,Homemaker,M
COMP00369,CASE00369,Udant Ramachandran,70,Unemployed,M
COMP00370,CASE00370,Dev Guha,67,Student,M
COMP00371,CASE00371,Indali Pal,39,Student,F
COMP00372,CASE00372,Ronith Anand,27,Business,M
COMP00373,CASE00373,Forum Badal,41,Homemaker,F
COMP00374,CASE00374,Bakhshi Yogi,60,Business,M
COMP00375,CASE00375,Wahab Ratta,73,Government Employee,M
COMP00376,CASE00376,Isaiah Bhasin,28,Unemployed,M
COMP00377,CASE00377,Anthony Dhingra,18,Homemaker,M
COMP00378,CASE00378,Warjas Sami,51,Government Employee,M
COMP00379,CASE00379,Advaith Shankar,41,Government Employee,M
COMP00380,CASE00380,Aadi Bahri,75,Business,M
COMP00381,CASE00381,Yug Natarajan,45,Business,M
COMP00382,CASE00382,Ekavir Chaudhry,61,Homemaker,M
COMP00383,CASE00383,Baljiwan Samra,44,Unemployed,M
COMP00384,CASE00384,Nitesh Zacharia,19,Business,M
COMP00385,CASE00385,Gaurika Vig,35,Private Employee,F
COMP00386,CASE00386,Januja Chatterjee,32,Student,F
COMP00387,CASE00387,Yashawini Lad,64,Private Employee,F
COMP00388,CASE00388,Chanakya Suresh,71,Business,M
COMP00389,CASE00389,Faqid Kumer,27,Farmer,M
COMP00390,CASE00390,Lakshit Sarkar,58,Government Employee,M
COMP00391,CASE00391,Bachittar Sarna,48,Private Employee,M
COMP00392,CASE00392,Vritti Goswami,61,Homemaker,F
COMP00393,CASE00393,Aadi Sodhi,56,Unemployed,M
COMP00394,CASE00394,Gaurang Singh,50,Unemployed,M
COMP00395,CASE00395,Rayaan Banik,35,Business,M
COMP00396,CASE00396,Atharv Nadkarni,35,Farmer,M
COMP00397,CASE00397,Rajata Aurora,22,Unemployed,F
COMP00398,CASE00398,Maanas Madan,51,Student,M
COMP00399,CASE00399,Jackson Reddy,28,Student,M
COMP00400,CASE00400,Ojas Borah,66,Farmer,M
COMP00401,CASE00401,Kamya Sodhi,59,Farmer,F
COMP00402,CASE00402,Oeshi Ray,57,Student,F
COMP00403,CASE00403,Ryan Radhakrishnan,39,Government Employee,M
COMP00404,CASE00404,Vedant Yohannan,44,Private Employee,M
COMP00405,CASE00405,Kamala Lall,22,Homemaker,F
COMP00406,CASE00406,Dalbir Bhalla,59,Student,M
COMP00407,CASE00407,Gunbir Sha,25,Business,M
COMP00408,CASE00408,Nicholas Vig,51,Business,M
COMP00409,CASE00409,Jeremiah Sethi,64,Farmer,M
COMP00410,CASE00410,Isha Basak,21,Business,F
COMP00411,CASE00411,Upma Keer,40,Unemployed,F
COMP00412,CASE00412,Champak Lata,29,Farmer,M
COMP00413,CASE00413,Janya Subramanian,43,Homemaker,F
COMP00414,CASE00414,Rehaan Sinha,20,Farmer,M
COMP00415,CASE00415,Harrison Kant,38,Business,M
COMP00416,CASE00416,Tristan Basu,58,Government Employee,M
COMP00417,CASE00417,Vedant Tandon,35,Government Employee,M
COMP00418,CASE00418,Liam Rout,35,Homemaker,M
COMP00419,CASE00419,Balveer Deshmukh,65,Government Employee,M
COMP00420,CASE00420,Chatura Bhattacharyya,60,Business,M
COMP00421,CASE00421,Chatura Pandit,42,Student,M
COMP00422,CASE00422,Frederick Shetty,54,Unemployed,M
COMP00423,CASE00423,Samar Mahal,34,Student,M
COMP00424,CASE00424,Max Bajaj,21,Farmer,M
COMP00425,CASE00425,Brinda Savant,73,Business,F
COMP00426,CASE00426,Nandini Keer,35,Farmer,F
COMP00427,CASE00427,Triveni Rai,30,Private Employee,F
COMP00428,CASE00428,Laksh Nair,22,Homemaker,M
COMP00429,CASE00429,Anika Rege,73,Government Employee,F
COMP00430,CASE00430,Maanav Ray,33,Private Employee,M
COMP00431,CASE00431,Jalsa Ahluwalia,51,Student,F
COMP00432,CASE00432,Jatin Mammen,65,Student,M
COMP00433,CASE00433,Theodore Soni,40,Private Employee,M
COMP00434,CASE00434,Ryan Borra,44,Farmer,M
COMP00435,CASE00435,Max Sehgal,55,Government Employee,M
COMP00436,CASE00436,Brinda Maharaj,20,Business,F
COMP00437,CASE00437,Pooja Sami,49,Homemaker,F
COMP00438,CASE00438,Veer Batta,65,Homemaker,M
COMP00439,CASE00439,Urvashi Deshpande,58,Unemployed,T
COMP00440,CASE00440,Mohammed Brahmbhatt,26,Farmer,M
COMP00441,CASE00441,Christopher Randhawa,65,Government Employee,M
COMP00442,CASE00442,William Desai,62,Homemaker,M
COMP00443,CASE00443,Turvi Bhakta,57,Business,F
COMP00444,CASE00444,Maanas More,56,Unemployed,M
COMP00445,CASE00445,Sathvik Mangal,51,Homemaker,M
COMP00446,CASE00446,Edhitha Nigam,44,Student,F
COMP00447,CASE00447,Mason Ram,61,Government Employee,M
COMP00448,CASE00448,Yashasvi Acharya,41,Unemployed,F
COMP00449,CASE00449,Wyatt Narayan,23,Private Employee,M
COMP00450,CASE00450,Wakeeta Goda,64,Homemaker,F
COMP00451,CASE00451,Bhavani Datta,71,Unemployed,F
COMP00452,CASE00452,Elijah Tank,33,Homemaker,M
COMP00453,CASE00453,Vedant Parmer,49,Student,M
COMP00454,CASE00454,Alexander Hari,38,Business,M
COMP00455,CASE00455,Patrick Sarma,28,Student,M
COMP00456,CASE00456,Tanay Raval,34,Government Employee,M
COMP00457,CASE00457,Mahika Mishra,41,Student,F
COMP00458,CASE00458,Victor Wagle,50,Private Employee,M
COMP00459,CASE00459,Ayush Johal,43,Farmer,M
COMP00460,CASE00460,Maanav Dasgupta,57,Homemaker,M
COMP00461,CASE00461,Harini Pathak,71,Student,F
COMP00462,CASE00462,Indira D’Alia,23,Unemployed,F
COMP00463,CASE00463,Krishna Varma,54,Unemployed,F
COMP00464,CASE00464,Yash Ganesan,24,Business,M
COMP00465,CASE00465,Wyatt Deo,47,Student,M
COMP00466,CASE00466,Aryan Nair,22,Government Employee,M
COMP00467,CASE00467,Nakul Randhawa,62,Private Employee,M
COMP00468,CASE00468,Orinder Modi,68,Private Employee,M
COMP00469,CASE00469,Neel Majumdar,28,Private Employee,M
COMP00470,CASE00470,Abhimanyu Chawla,24,Student,M
COMP00471,CASE00471,Damyanti Mohanty,57,Business,F
COMP00472,CASE00472,Theodore Desai,66,Unemployed,M
COMP00473,CASE00473,Andrew Madan,51,Homemaker,M
COMP00474,CASE00474,Vivaan Bose,60,Business,M
COMP00475,CASE00475,Gunbir Kala,46,Student,M
COMP00476,CASE00476,Rachit Sundaram,42,Homemaker,M
COMP00477,CASE00477,Joshua Narayanan,75,Farmer,M
COMP00478,CASE00478,Karan Sanghvi,41,Private Employee,M
COMP00479,CASE00479,Kalpit Sunder,57,Private Employee,M
COMP00480,CASE00480,Girik Palla,63,Government Employee,M
COMP00481,CASE00481,Ayushman Khare,37,Government Employee,M
COMP00482,CASE00482,Dalaja Sagar,45,Business,F
COMP00483,CASE00483,Zayyan Sahni,49,Farmer,M
COMP00484,CASE00484,Robert Chada,44,Homemaker,M
COMP00485,CASE00485,Vedant Vohra,27,Unemployed,M
COMP00486,CASE00486,Hredhaan Keer,55,Private Employee,M
COMP00487,CASE00487,Sathvik Nair,72,Farmer,M
COMP00488,CASE00488,Henry Parmar,62,Government Employee,M
COMP00489,CASE00489,Kai Agrawal,25,Private Employee,M
COMP00490,CASE00490,Henry Talwar,55,Student,M
COMP00491,CASE00491,Jeet Dey,21,Unemployed,M
COMP00492,CASE00492,Faris Kumer,25,Private Employee,M
COMP00493,CASE00493,Shivansh Iyer,47,Student,M
COMP00494,CASE00494,Chasmum Ranganathan,67,Private Employee,F
COMP00495,CASE00495,Indrajit Guha,34,Government Employee,M
COMP00496,CASE00496,Banjeet Borde,70,Unemployed,M
COMP00497,CASE00497,Wridesh Rastogi,52,Student,M
COMP00498,CASE00498,Peter Golla,40,Private Employee,M
COMP00499,CASE00499,Nihal Bansal,50,Private Employee,M
COMP00500,CASE00500,Jatin Andra,24,Government Employee,M
COMP00501,CASE00501,Warjas Hans,59,Unemployed,M
COMP00502,CASE00502,Girindra Venkataraman,37,Farmer,M
COMP00503,CASE00503,Dhruv Deol,39,Unemployed,M
COMP00504,CASE00504,Xavier Patla,31,Business,M
COMP00505,CASE00505,Luke Balay,27,Government Employee,M
COMP00506,CASE00506,Aahana Sharma,52,Private Employee,F
COMP00507,CASE00507,Anusha Bath,40,Business,F
COMP00508,CASE00508,Wridesh Bora,67,Unemployed,M
COMP00509,CASE00509,Kai Srinivas,68,Homemaker,M
COMP00510,CASE00510,Siddharth Sethi,65,Business,M
COMP00511,CASE00511,Wyatt Sankar,49,Private Employee,M
COMP00512,CASE00512,Varenya Rajagopal,24,Unemployed,F
COMP00513,CASE00513,Utkarsh D’Alia,20,Government Employee,M
COMP00514,CASE00514,Bhavna Sunder,51,Homemaker,F
COMP00515,CASE00515,Aradhana Comar,58,Unemployed,F
COMP00516,CASE00516,Nathaniel Saraf,30,Student,M
COMP00517,CASE00517,Abeer Kannan,31,Unemployed,M
COMP00518,CASE00518,Manan Chaudhari,68,Unemployed,M
COMP00519,CASE00519,Omkaar Din,18,Private Employee,M
COMP00520,CASE00520,Jeet Bobal,24,Private Employee,M
COMP00521,CASE00521,Lucky Parmer,55,Student,M
COMP00522,CASE00522,Tanish Kala,24,Private Employee,M
COMP00523,CASE00523,Samarth Doshi,49,Unemployed,M
COMP00524,CASE00524,Henry Kapadia,64,Homemaker,M
COMP00525,CASE00525,Sachi Sibal,62,Government Employee,F
COMP00526,CASE00526,Warhi Lala,25,Business,F
COMP00527,CASE00527,Samar Sengupta,38,Business,M
COMP00528,CASE00528,Anmol Mutti,20,Business,M
COMP00529,CASE00529,Pratyush Murthy,49,Private Employee,M
COMP00530,CASE00530,Yuvraj Agrawal,67,Student,M
COMP00531,CASE00531,Aayush Kari,47,Farmer,M
COMP00532,CASE00532,Henry Hayer,70,Student,M
COMP00533,CASE00533,Gaurav Chadha,22,Student,M
COMP00534,CASE00534,Liam Loyal,61,Farmer,M
COMP00535,CASE00535,Noah Sangha,20,Homemaker,M
COMP00536,CASE00536,Laksh Goda,65,Farmer,M
COMP00537,CASE00537,Harinakshi Pal,47,Business,F
COMP00538,CASE00538,Chakrika Kumer,35,Business,F
COMP00539,CASE00539,Aarav Shah,52,Student,M
COMP00540,CASE00540,Akshay Manda,29,Business,M
COMP00541,CASE00541,Siddharth Srinivasan,61,Farmer,M
COMP00542,CASE00542,Ronith Kibe,63,Government Employee,M
COMP00543,CASE00543,Ikbal Gade,69,Private Employee,M
COMP00544,CASE00544,Yuvraj Gulati,67,Government Employee,M
COMP00545,CASE00545,Orinder Samra,67,Homemaker,M
COMP00546,CASE00546,Sai Mane,45,Student,F
COMP00547,CASE00547,Noah Prasad,33,Private Employee,M
COMP00548,CASE00548,Vyanjana Shroff,68,Student,T
COMP00549,CASE00549,Harrison Bhattacharyya,33,Private Employee,M
COMP00550,CASE00550,Upasna Baria,68,Private Employee,F
COMP00551,CASE00551,Nicholas Natt,56,Student,M
COMP00552,CASE00552,Charan Wason,21,Student,M
COMP00553,CASE00553,Harshil Dhaliwal,52,Business,M
COMP00554,CASE00554,Rishi Krishnan,67,Farmer,M
COMP00555,CASE00555,Zansi Ramaswamy,32,Homemaker,F
COMP00556,CASE00556,Rishi Kakar,24,Homemaker,M
COMP00557,CASE00557,Parth Bhandari,18,Farmer,M
COMP00558,CASE00558,Sai Palla,21,Business,M
COMP00559,CASE00559,Nitesh Dey,72,Private Employee,M
COMP00560,CASE00560,Utkarsh Ram,58,Private Employee,M
COMP00561,CASE00561,Veda Kaul,32,Student,F
COMP00562,CASE00562,Akshay Halder,61,Government Employee,M
COMP00563,CASE00563,Qabil Saraf,63,Homemaker,M
COMP00564,CASE00564,Sai Raju,44,Student,M
COMP00565,CASE00565,Charles Bala,74,Farmer,M
COMP00566,CASE00566,Radha Walia,35,Business,F
COMP00567,CASE00567,Shravya Nair,30,Unemployed,F
COMP00568,CASE00568,Abdul Bhat,75,Unemployed,M
COMP00569,CASE00569,Harrison Yohannan,21,Student,M
COMP00570,CASE00570,Abeer Lad,32,Homemaker,M
COMP00571,CASE00571,Fitan Sant,58,Student,M
COMP00572,CASE00572,Warhi Comar,53,Homemaker,F
COMP00573,CASE00573,Rohan Sandal,70,Farmer,M
COMP00574,CASE00574,Ekalinga Cherian,72,Private Employee,M
COMP00575,CASE00575,Laban Purohit,60,Student,M
COMP00576,CASE00576,Hemang Deo,64,Student,M
COMP00577,CASE00577,Jagrati Hari,34,Unemployed,F
COMP00578,CASE00578,Atharv Savant,22,Government Employee,M
COMP00579,CASE00579,Januja Bhattacharyya,73,Homemaker,F
COMP00580,CASE00580,Quincy Grover,45,Business,M
COMP00581,CASE00581,Harsh Malhotra,69,Government Employee,M
COMP00582,CASE00582,Kalpit Chada,30,Homemaker,M
COMP00583,CASE00583,Bishakha Kapoor,22,Private Employee,F
COMP00584,CASE00584,Ayushman Sarma,28,Private Employee,M
COMP00585,CASE00585,Januja Shanker,69,Student,F
COMP00586,CASE00586,Nicholas Shankar,24,Business,M
COMP00587,CASE00587,Yuvraj Mani,59,Business,M
COMP00588,CASE00588,Oliver Brar,27,Homemaker,M
COMP00589,CASE00589,Zashil Parekh,57,Homemaker,M
COMP00590,CASE00590,Ishaan Shanker,66,Homemaker,M
COMP00591,CASE00591,Omkaar Soni,34,Unemployed,M
COMP00592,CASE00592,Dalbir Borde,42,Private Employee,M
COMP00593,CASE00593,Akshay Narang,29,Private Employee,M
COMP00594,CASE00594,Aarush Dass,38,Private Employee,M
COMP00595,CASE00595,Oscar Grewal,22,Farmer,M
COMP00596,CASE00596,Onveer Babu,69,Homemaker,M
COMP00597,CASE00597,Onkar Raja,60,Homemaker,M
COMP00598,CASE00598,Gagan Patla,62,Private Employee,M
COMP00599,CASE00599,Tarak Tak,42,Student,M
COMP00600,CASE00600,Charles Nayak,19,Unemployed,M
COMP00601,CASE00601,Thomas Kala,21,Government Employee,M
COMP00602,CASE00602,Hritik Batra,59,Unemployed,M
COMP00603,CASE00603,Gautam Sha,62,Business,M
COMP00604,CASE00604,Dakshesh Mody,71,Unemployed,M
COMP00605,CASE00605,Rohan Sankaran,37,Homemaker,M
COMP00606,CASE00606,Faras Anne,67,Private Employee,M
COMP00607,CASE00607,Aashi Shah,23,Private Employee,F
COMP00608,CASE00608,Girindra Buch,26,Government Employee,M
COMP00609,CASE00609,Vincent Gour,22,Private Employee,M
COMP00610,CASE00610,Mitesh Chaudhari,33,Government Employee,M
COMP00611,CASE00611,Mason Khatri,35,Farmer,M
COMP00612,CASE00612,Kritika Thakkar,25,Government Employee,F
COMP00613,CASE00613,Nathan Peri,52,Government Employee,M
COMP00614,CASE00614,Lipika Talwar,18,Government Employee,F
COMP00615,CASE00615,Chatresh Bhatia,48,Homemaker,M
COMP00616,CASE00616,Shaurya Ramaswamy,36,Student,M
COMP00617,CASE00617,Ridhi Comar,20,Unemployed,F
COMP00618,CASE00618,Finn Naidu,44,Unemployed,M
COMP00619,CASE00619,Yatan Mittal,45,Farmer,M
COMP00620,CASE00620,Anita Sandal,33,Homemaker,F
COMP00621,CASE00621,Devansh Lalla,27,Unemployed,M
COMP00622,CASE00622,Rudra Kumar,18,Student,M
COMP00623,CASE00623,Christopher Subramanian,48,Unemployed,M
COMP00624,CASE00624,Vritti Lalla,58,Student,F
COMP00625,CASE00625,Jason Goswami,24,Student,M
COMP00626,CASE00626,Chatura Sunder,36,Business,M
COMP00627,CASE00627,Hitesh Varty,51,Student,M
COMP00628,CASE00628,Viraj Samra,60,Private Employee,M
COMP00629,CASE00629,Andrew Modi,42,Homemaker,M
COMP00630,CASE00630,Darpan Bora,20,Government Employee,M
COMP00631,CASE00631,Lipika Nori,60,Government Employee,F
COMP00632,CASE00632,Noah Bhattacharyya,37,Unemployed,M
COMP00633,CASE00633,Chatresh Saha,43,Private Employee,M
COMP00634,CASE00634,Oscar Merchant,47,Private Employee,M
COMP00635,CASE00635,Rohan Yohannan,57,Farmer,M
COMP00636,CASE00636,Advaith Dara,38,Unemployed,M
COMP00637,CASE00637,Vaishnavi Sawhney,66,Government Employee,F
COMP00638,CASE00638,Warjas Gandhi,19,Student,M
COMP00639,CASE00639,Nisha Manne,34,Homemaker,F
COMP00640,CASE00640,Dayita Sagar,20,Business,F
COMP00641,CASE00641,Wriddhish Dara,66,Student,M
COMP00642,CASE00642,Simon Mutti,32,Private Employee,M
COMP00643,CASE00643,Xavier Chandra,70,Unemployed,M
COMP00644,CASE00644,Avni Kar,63,Business,T
COMP00645,CASE00645,Vedant Suresh,21,Farmer,M
COMP00646,CASE00646,Gunbir Malhotra,65,Homemaker,M
COMP00647,CASE00647,Veer Sundaram,54,Farmer,M
COMP00648,CASE00648,Simon Sen,52,Government Employee,M
COMP00649,CASE00649,Samarth Nagi,47,Farmer,M
COMP00650,CASE00650,Ronith Kota,29,Farmer,M
COMP00651,CASE00651,Vinaya Agarwal,33,Farmer,F
COMP00652,CASE00652,Anmol Kapoor,58,Student,M
COMP00653,CASE00653,Rehaan Chakraborty,67,Homemaker,M
COMP00654,CASE00654,Dev Virk,28,Student,M
COMP00655,CASE00655,Mahika Bali,26,Government Employee,F
COMP00656,CASE00656,Vivaan Ramachandran,54,Unemployed,M
COMP00657,CASE00657,Edhitha Merchant,19,Business,F
COMP00658,CASE00658,Yash Som,47,Private Employee,M
COMP00659,CASE00659,Neha Thaker,50,Farmer,F
COMP00660,CASE00660,Naveen Mangal,71,Business,M
COMP00661,CASE00661,Chatura Behl,67,Private Employee,M
COMP00662,CASE00662,Hemang Trivedi,66,Business,M
COMP00663,CASE00663,Yashasvi Din,30,Unemployed,F
COMP00664,CASE00664,Chaitaly Guha,58,Farmer,F
COMP00665,CASE00665,Chakradev Savant,41,Student,M
COMP00666,CASE00666,Madhav Natarajan,69,Private Employee,M
COMP00667,CASE00667,Neha Banerjee,48,Private Employee,F
COMP00668,CASE00668,Brijesh Tara,34,Student,M
COMP00669,CASE00669,Thomas Char,67,Unemployed,M
COMP00670,CASE00670,Yash Char,25,Farmer,M
COMP00671,CASE00671,Yashasvi Wali,65,Farmer,F
COMP00672,CASE00672,Gaurang Peri,69,Homemaker,M
COMP00673,CASE00673,Krishna Oza,52,Government Employee,M
COMP00674,CASE00674,Laban Lad,54,Private Employee,M
COMP00675,CASE00675,Utkarsh Puri,58,Business,M
COMP00676,CASE00676,Wahab Mahajan,54,Business,M
COMP00677,CASE00677,Chanakya Hans,32,Private Employee,M
COMP00678,CASE00678,Zansi Atwal,73,Business,F
COMP00679,CASE00679,Jacob Sandal,49,Student,M
COMP00680,CASE00680,Rachit Chacko,49,Unemployed,M
COMP00681,CASE00681,Falan Balasubramanian,20,Private Employee,M
COMP00682,CASE00682,Zayyan Prasad,46,Farmer,M
COMP00683,CASE00683,Bhavya Srivastava,37,Farmer,F
COMP00684,CASE00684,Balvan Narayanan,62,Student,M
COMP00685,CASE00685,Arjun Nori,23,Student,M
COMP00686,CASE00686,Ayaan Mall,69,Government Employee,M
COMP00687,CASE00687,Ranbir Kalla,58,Business,M
COMP00688,CASE00688,Pranit Chatterjee,31,Government Employee,M
COMP00689,CASE00689,Jonathan Shenoy,53,Private Employee,M
COMP00690,CASE00690,Faris Srinivas,53,Student,M
COMP00691,CASE00691,Aadi Bahri,43,Student,M
COMP00692,CASE00692,Nitesh D’Alia,60,Student,M
COMP00693,CASE00693,Kavya Thaker,18,Student,F
COMP00694,CASE00694,Hritik Narasimhan,37,Private Employee,M
COMP00695,CASE00695,Bhavika Karpe,59,Homemaker,F
COMP00696,CASE00696,George Pathak,55,Homemaker,M
COMP00697,CASE00697,Shaurya Nayar,61,Unemployed,M
COMP00698,CASE00698,Warjas Salvi,32,Homemaker,M
COMP00699,CASE00699,Timothy Balay,66,Student,M
COMP00700,CASE00700,Warjas Khurana,20,Government Employee,M
COMP00701,CASE00701,Victor Lall,34,Business,M
COMP00702,CASE00702,Avni Khosla,65,Homemaker,F
COMP00703,CASE00703,Bahadurjit Deol,46,Private Employee,M
COMP00704,CASE00704,Chavvi Ram,49,Private Employee,F
COMP00705,CASE00705,Dayamai Gandhi,39,Farmer,T
COMP00706,CASE00706,Yuvraj Bhalla,37,Business,M
COMP00707,CASE00707,Indrajit Jhaveri,52,Homemaker,M
COMP00708,CASE00708,David Oommen,37,Unemployed,M
COMP00709,CASE00709,Anika Setty,46,Unemployed,F
COMP00710,CASE00710,Janaki Sarma,71,Farmer,F
COMP00711,CASE00711,Samuel Goel,40,Student,M
COMP00712,CASE00712,Nihal Taneja,39,Homemaker,M
COMP00713,CASE00713,Rushil Mohanty,48,Farmer,M
COMP00714,CASE00714,Jagdish Karnik,67,Homemaker,M
COMP00715,CASE00715,Kabir Dutt,41,Homemaker,M
COMP00716,CASE00716,Girindra Handa,74,Private Employee,M
COMP00717,CASE00717,Nimrat Gupta,44,Homemaker,F
COMP00718,CASE00718,Chakradev Karnik,24,Farmer,M
COMP00719,CASE00719,Ranbir Zachariah,54,Student,M
COMP00720,CASE00720,Gopal Badal,74,Student,M
COMP00721,CASE00721,Gautam Garg,61,Unemployed,M
COMP00722,CASE00722,Chakradhar Jaggi,39,Student,M
COMP00723,CASE00723,Vihaan Ahuja,54,Homemaker,M
COMP00724,CASE00724,Akshay Jani,28,Student,M
COMP00725,CASE00725,Zehaan Kamdar,31,Private Employee,M
COMP00726,CASE00726,Logan Bhatt,35,Unemployed,M
COMP00727,CASE00727,Frederick Chaudry,31,Business,M
COMP00728,CASE00728,Faraj Dewan,50,Private Employee,M
COMP00729,CASE00729,Pahal Mane,42,Business,F
COMP00730,CASE00730,Arunima Balakrishnan,65,Student,F
COMP00731,CASE00731,Warinder Kaur,45,Student,M
COMP00732,CASE00732,Warinder Narayan,64,Business,M
COMP00733,CASE00733,Falan Kota,73,Unemployed,M
COMP00734,CASE00734,Baljiwan Peri,44,Farmer,M
COMP00735,CASE00735,Frado Kala,26,Student,M
COMP00736,CASE00736,Pallavi Kala,48,Farmer,F
COMP00737,CASE00737,Yagnesh Balakrishnan,73,Student,M
COMP00738,CASE00738,Mahika Nagy,74,Student,F
COMP00739,CASE00739,Upkaar Panchal,41,Student,M
COMP00740,CASE00740,Luke Bandi,59,Government Employee,M
COMP00741,CASE00741,Manthan Dora,75,Homemaker,M
COMP00742,CASE00742,Jeremiah Sabharwal,42,Government Employee,M
COMP00743,CASE00743,Tristan Sastry,55,Government Employee,M
COMP00744,CASE00744,Riya Krishna,69,Homemaker,F
COMP00745,CASE00745,Garima Vohra,22,Unemployed,F
COMP00746,CASE00746,Sudiksha Dara,21,Student,F
COMP00747,CASE00747,Rushil Borde,40,Farmer,M
COMP00748,CASE00748,Rushil Chad,56,Student,M
COMP00749,CASE00749,Abhiram Dora,60,Homemaker,M
COMP00750,CASE00750,Saksham Bali,52,Unemployed,M
COMP00751,CASE00751,Aarini Bal,36,Government Employee,F
COMP00752,CASE00752,Christopher Batta,30,Unemployed,M
COMP00753,CASE00753,Yashawini Kannan,33,Farmer,F
COMP00754,CASE00754,Pushti Ganesh,31,Business,F
COMP00755,CASE00755,Fiyaz Mutti,32,Private Employee,M
COMP00756,CASE00756,Chandran Buch,19,Homemaker,M
COMP00757,CASE00757,Kevin Krishnan,63,Farmer,M
COMP00758,CASE00758,Yahvi Gera,42,Business,F
COMP00759,CASE00759,Ishani Patla,34,Unemployed,F
COMP00760,CASE00760,Finn Roy,18,Student,M
COMP00761,CASE00761,Jacob Sehgal,59,Government Employee,M
COMP00762,CASE00762,Frederick Sehgal,46,Business,M
COMP00763,CASE00763,Rajeshri Vala,38,Homemaker,F
COMP00764,CASE00764,Zehaan Parsa,37,Farmer,M
COMP00765,CASE00765,Yatan Nagar,39,Government Employee,M
COMP00766,CASE00766,Frederick Srinivasan,71,Farmer,M
COMP00767,CASE00767,Udarsh Rajagopalan,42,Homemaker,M
COMP00768,CASE00768,Xiti Gulati,34,Business,F
COMP00769,CASE00769,Yachana Palla,53,Private Employee,F
COMP00770,CASE00770,Nitesh Butala,48,Homemaker,M
COMP00771,CASE00771,Yashasvi Dave,33,Farmer,F
COMP00772,CASE00772,Darpan Ranganathan,55,Unemployed,M
COMP00773,CASE00773,Qadim Char,69,Business,M
COMP00774,CASE00774,Radhika Kothari,34,Government Employee,F
COMP00775,CASE00775,Hemang Dhawan,37,Government Employee,M
COMP00776,CASE00776,Zayan Pingle,18,Private Employee,M
COMP00777,CASE00777,Ryan Ravi,46,Student,M
COMP00778,CASE00778,Kiaan Shanker,37,Government Employee,M
COMP00779,CASE00779,Ronith Dugar,69,Farmer,M
COMP00780,CASE00780,Tanveer Iyer,73,Student,M
COMP00781,CASE00781,Jacob Dua,58,Student,M
COMP00782,CASE00782,Chakradev Peri,19,Unemployed,M
COMP00783,CASE00783,Rushil Tella,32,Unemployed,M
COMP00784,CASE00784,Faqid Vaidya,26,Government Employee,M
COMP00785,CASE00785,Abdul Bhat,74,Farmer,M
COMP00786,CASE00786,Barkha Datta,20,Farmer,F
COMP00787,CASE00787,Gavin Vala,63,Private Employee,M
COMP00788,CASE00788,Onveer Tiwari,44,Government Employee,M
COMP00789,CASE00789,Eshana Sachdeva,67,Business,F
COMP00790,CASE00790,Bakhshi Sehgal,52,Homemaker,M
COMP00791,CASE00791,Avi Kamdar,51,Homemaker,M
COMP00792,CASE00792,Theodore Sabharwal,74,Business,M
COMP00793,CASE00793,Utkarsh Sidhu,70,Homemaker,M
COMP00794,CASE00794,Ishaan Kothari,34,Homemaker,M
COMP00795,CASE00795,Chanakya Mallick,37,Business,M
COMP00796,CASE00796,Gaurav Bumb,44,Government Employee,M
COMP00797,CASE00797,Qarin Ramaswamy,25,Student,M
COMP00798,CASE00798,Varenya Edwin,54,Student,F
COMP00799,CASE00799,Hardik Shanker,25,Student,M
COMP00800,CASE00800,Warinder Subramanian,30,Homemaker,M
COMP00801,CASE00801,Manan Sarna,53,Business,M
COMP00802,CASE00802,Victor Comar,18,Farmer,M
COMP00803,CASE00803,Viraj Ganguly,62,Farmer,M
COMP00804,CASE00804,Elijah Sarna,49,Private Employee,M
COMP00805,CASE00805,Alexander Sharma,23,Government Employee,M
COMP00806,CASE00806,Jhalak Chopra,27,Unemployed,F
COMP00807,CASE00807,Rudra Uppal,63,Unemployed,M
COMP00808,CASE00808,Xavier Bains,23,Unemployed,M
COMP00809,CASE00809,Udyati Thakur,41,Private Employee,F
COMP00810,CASE00810,Noah Ratta,35,Farmer,M
COMP00811,CASE00811,Daksh Parekh,51,Student,M
COMP00812,CASE00812,Yug Bhalla,60,Homemaker,M
COMP00813,CASE00813,Qasim Dara,21,Homemaker,M
COMP00814,CASE00814,Aashi Merchant,43,Student,F
COMP00815,CASE00815,Dhruv Kumer,47,Private Employee,M
COMP00816,CASE00816,Ranveer Bhat,19,Homemaker,M
COMP00817,CASE00817,Harsh Chanda,28,Student,M
COMP00818,CASE00818,Ikbal Devi,54,Student,M
COMP00819,CASE00819,Chatresh Buch,28,Homemaker,M
COMP00820,CASE00820,Andrew Kala,73,Unemployed,M
COMP00821,CASE00821,Abdul Balasubramanian,48,Business,M
COMP00822,CASE00822,Abha Mistry,39,Private Employee,F
COMP00823,CASE00823,Kiaan Kapur,69,Government Employee,M
COMP00824,CASE00824,Peter Patel,54,Private Employee,M
COMP00825,CASE00825,Veer Bumb,49,Government Employee,M
COMP00826,CASE00826,Bhanumati Palla,62,Business,F
COMP00827,CASE00827,Shivansh Suresh,52,Unemployed,M
COMP00828,CASE00828,Falan Gokhale,45,Farmer,M
COMP00829,CASE00829,Yoshita Zacharia,73,Private Employee,F
COMP00830,CASE00830,Andrew Dube,56,Government Employee,M
COMP00831,CASE00831,Kalpit Bir,43,Student,M
COMP00832,CASE00832,Vivaan Dalal,65,Unemployed,M
COMP00833,CASE00833,Joshua Sengupta,50,Unemployed,M
COMP00834,CASE00834,Onkar Menon,58,Student,M
COMP00835,CASE00835,Ayushman Nigam,41,Farmer,M
COMP00836,CASE00836,Quincy Varkey,54,Student,M
COMP00837,CASE00837,Mohammed Bahri,72,Student,M
COMP00838,CASE00838,Anmol Venkatesh,19,Business,M
COMP00839,CASE00839,Qabil Kumar,22,Business,M
COMP00840,CASE00840,Tanish Om,25,Homemaker,M
COMP00841,CASE00841,Robert Dey,53,Unemployed,M
COMP00842,CASE00842,Lakshit Gaba,26,Government Employee,M
COMP00843,CASE00843,Ishwar Maharaj,27,Business,M
COMP00844,CASE00844,Sai Patla,18,Homemaker,M
COMP00845,CASE00845,Isaiah Agate,59,Homemaker,M
COMP00846,CASE00846,Balhaar Butala,48,Business,M
COMP00847,CASE00847,Maanav Rai,28,Business,M
COMP00848,CASE00848,Qushi Bedi,39,Business,F
COMP00849,CASE00849,Ladli Bakshi,58,Private Employee,F
COMP00850,CASE00850,Ojasvi Khurana,69,Farmer,F
COMP00851,CASE00851,Orinder Chahal,71,Government Employee,M
COMP00852,CASE00852,Vaishnavi Sekhon,59,Student,F
COMP00853,CASE00853,Benjamin Goda,56,Government Employee,M
COMP00854,CASE00854,Vansha Ramesh,75,Homemaker,F
COMP00855,CASE00855,Chandresh Thaman,71,Student,M
COMP00856,CASE00856,Thomas Manne,72,Farmer,M
COMP00857,CASE00857,Yashica Dyal,37,Government Employee,T
COMP00858,CASE00858,Jeremiah Muni,69,Student,M
COMP00859,CASE00859,Anika Majumdar,55,Student,F
COMP00860,CASE00860,Nathan Parmar,26,Private Employee,M
COMP00861,CASE00861,Advay Butala,51,Business,M
COMP00862,CASE00862,Ronith Sinha,22,Government Employee,M
COMP00863,CASE00863,Ekbal Keer,54,Homemaker,M
COMP00864,CASE00864,Yutika Bobal,64,Student,F
COMP00865,CASE00865,Yuvraj Bhargava,59,Student,M
COMP00866,CASE00866,Aryan Soman,47,Student,M
COMP00867,CASE00867,Harrison Thakkar,66,Private Employee,M
COMP00868,CASE00868,Jai Krish,58,Private Employee,M
COMP00869,CASE00869,Rushil Banik,74,Private Employee,M
COMP00870,CASE00870,Harinakshi Bumb,57,Student,F
COMP00871,CASE00871,Kevin Ramanathan,28,Business,M
COMP00872,CASE00872,Saumya Krishnamurthy,42,Private Employee,F
COMP00873,CASE00873,Azad Mannan,39,Student,M
COMP00874,CASE00874,Siddharth Chadha,72,Private Employee,M
COMP00875,CASE00875,Vedant Parsa,51,Homemaker,M
COMP00876,CASE00876,Yagnesh Iyer,20,Homemaker,M
COMP00877,CASE00877,Kiaan Sibal,54,Farmer,M
COMP00878,CASE00878,Oliver Sharma,32,Private Employee,M
COMP00879,CASE00879,Hemangini Gandhi,59,Farmer,F
COMP00880,CASE00880,Ayaan Dube,26,Private Employee,M
COMP00881,CASE00881,Udarsh Basak,73,Student,M
COMP00882,CASE00882,Tripti Kumar,58,Farmer,F
COMP00883,CASE00883,Champak Yohannan,54,Private Employee,M
COMP00884,CASE00884,Jai Bhargava,22,Student,M
COMP00885,CASE00885,Onkar Brahmbhatt,48,Government Employee,M
COMP00886,CASE00886,Frado Subramaniam,26,Private Employee,M
COMP00887,CASE00887,Devika Varkey,43,Student,F
COMP00888,CASE00888,Ekapad Bhakta,62,Homemaker,M
COMP00889,CASE00889,Hemang De,41,Private Employee,M
COMP00890,CASE00890,Theodore Sharma,20,Government Employee,M
COMP00891,CASE00891,Wahab Parsa,56,Government Employee,M
COMP00892,CASE00892,Balendra Saraf,66,Farmer,M
COMP00893,CASE00893,Ikbal Dhillon,35,Homemaker,M
COMP00894,CASE00894,Farhan Sabharwal,21,Farmer,M
COMP00895,CASE00895,Teerth Contractor,27,Student,M
COMP00896,CASE00896,Zashil Keer,63,Farmer,M
COMP00897,CASE00897,David Wable,29,Homemaker,M
COMP00898,CASE00898,Chatresh Sethi,37,Farmer,M
COMP00899,CASE00899,Isaiah Som,73,Private Employee,M
COMP00900,CASE00900,Banjeet Ravel,68,Farmer,M
COMP00901,CASE00901,Varenya Master,58,Farmer,F
COMP00902,CASE00902,Siddharth Srinivas,26,Business,M
COMP00903,CASE00903,Ridhi Kalla,31,Private Employee,F
COMP00904,CASE00904,Udarsh Yohannan,65,Private Employee,M
COMP00905,CASE00905,Lakshit Upadhyay,37,Government Employee,M
COMP00906,CASE00906,Parth Singhal,52,Unemployed,M
COMP00907,CASE00907,Jack Varughese,68,Homemaker,M
COMP00908,CASE00908,Teerth Jain,38,Business,M
COMP00909,CASE00909,Gautam Dora,44,Unemployed,M
COMP00910,CASE00910,Faraj Aggarwal,48,Homemaker,M
COMP00911,CASE00911,Unni Menon,40,Government Employee,F
COMP00912,CASE00912,Netra Sarkar,19,Homemaker,F
COMP00913,CASE00913,Mason Merchant,45,Homemaker,M
COMP00914,CASE00914,Radha Pai,65,Private Employee,F
COMP00915,CASE00915,Umang Desai,67,Government Employee,M
COMP00916,CASE00916,Yug Khalsa,18,Farmer,M
COMP00917,CASE00917,Ekavir Brahmbhatt,27,Business,M
COMP00918,CASE00918,Dhruv Goswami,54,Farmer,M
COMP00919,CASE00919,Darpan Din,58,Farmer,M
COMP00920,CASE00920,Ekansh Keer,71,Student,M
COMP00921,CASE00921,Gabriel Sekhon,73,Homemaker,M
COMP00922,CASE00922,Laban Chowdhury,37,Government Employee,M
COMP00923,CASE00923,Krish Mitter,49,Government Employee,M
COMP00924,CASE00924,Brinda Pau,63,Private Employee,F
COMP00925,CASE00925,Atharv Shroff,60,Farmer,M
COMP00926,CASE00926,Rishi Munshi,36,Government Employee,M
COMP00927,CASE00927,Qarin Sunder,25,Student,M
COMP00928,CASE00928,Imaran Karnik,56,Government Employee,M
COMP00929,CASE00929,Advaith Mohanty,65,Farmer,M
COMP00930,CASE00930,Frado Goswami,46,Private Employee,M
COMP00931,CASE00931,Yashica Agrawal,35,Business,F
COMP00932,CASE00932,Ethan Chana,30,Private Employee,M
COMP00933,CASE00933,Pahal Bains,61,Business,F
COMP00934,CASE00934,Sarthak Pandey,19,Private Employee,M
COMP00935,CASE00935,Ekapad Sathe,31,Unemployed,M
COMP00936,CASE00936,Tanveer Saran,55,Homemaker,M
COMP00937,CASE00937,Om Sharaf,62,Private Employee,M
COMP00938,CASE00938,Shaurya Gill,48,Business,M
COMP00939,CASE00939,Manbir Majumdar,39,Student,M
COMP00940,CASE00940,Lohit Master,70,Homemaker,M
COMP00941,CASE00941,Pushti Nigam,24,Government Employee,F
COMP00942,CASE00942,Rachit Johal,48,Government Employee,M
COMP00943,CASE00943,Chatura Barad,33,Unemployed,M
COMP00944,CASE00944,Yashvi Mangal,61,Government Employee,F
COMP00945,CASE00945,Chakradhar Chaudhary,32,Student,M
COMP00946,CASE00946,Manan Warrior,72,Government Employee,M
COMP00947,CASE00947,Gaurav Suri,66,Student,M
COMP00948,CASE00948,Gayathri Dass,19,Unemployed,F
COMP00949,CASE00949,Zayyan Baria,41,Government Employee,M
COMP00950,CASE00950,Lucky Doshi,47,Government Employee,M
COMP00951,CASE00951,Raghav Koshy,32,Private Employee,M
COMP00952,CASE00952,Fitan Divan,22,Student,M
COMP00953,CASE00953,Chandran Ramaswamy,33,Homemaker,M
COMP00954,CASE00954,Yatin Sengupta,24,Homemaker,M
COMP00955,CASE00955,Rudra Kant,63,Farmer,M
COMP00956,CASE00956,Rudra Dua,40,Private Employee,M
COMP00957,CASE00957,Chaitanya Sur,49,Farmer,M
COMP00958,CASE00958,Udyati Dhar,35,Unemployed,F
COMP00959,CASE00959,Riya Varkey,21,Private Employee,T
COMP00960,CASE00960,Patrick Divan,75,Unemployed,M
COMP00961,CASE00961,Shivani Dyal,61,Private Employee,F
COMP00962,CASE00962,Ridhi Murty,43,Private Employee,F
COMP00963,CASE00963,Thomas Bhat,55,Business,M
COMP00964,CASE00964,Rohan Patel,70,Private Employee,M
COMP00965,CASE00965,Sneha Sastry,26,Private Employee,F
COMP00966,CASE00966,Hardik Kata,69,Homemaker,M
COMP00967,CASE00967,Jagdish Parmer,49,Homemaker,M
COMP00968,CASE00968,Henry Natarajan,55,Farmer,M
COMP00969,CASE00969,Vansha Borra,70,Unemployed,F
COMP00970,CASE00970,Mahika Patel,40,Farmer,F
COMP00971,CASE00971,Rayaan Deep,65,Government Employee,M
COMP00972,CASE00972,Mason Walla,37,Business,M
COMP00973,CASE00973,Nidra Krishnamurthy,66,Farmer,F
COMP00974,CASE00974,Samuel Narayanan,73,Student,M
COMP00975,CASE00975,Frado Manda,62,Student,M
COMP00976,CASE00976,Indira Vohra,38,Private Employee,F
COMP00977,CASE00977,Hritik Khanna,25,Student,M
COMP00978,CASE00978,Warinder Buch,32,Government Employee,M
COMP00979,CASE00979,Yochana Chowdhury,58,Unemployed,F
COMP00980,CASE00980,Girish Chander,35,Student,M
COMP00981,CASE00981,Wahab Kapadia,71,Homemaker,M
COMP00982,CASE00982,Christopher Pall,65,Student,M
COMP00983,CASE00983,Xavier Bhasin,72,Farmer,M
COMP00984,CASE00984,Fitan Rama,73,Business,M
COMP00985,CASE00985,Harsh Das,75,Unemployed,M
COMP00986,CASE00986,Rohan Jayaraman,38,Government Employee,M
COMP00987,CASE00987,Pranav Bakshi,67,Farmer,M
COMP00988,CASE00988,Nitesh Sankar,22,Private Employee,M
COMP00989,CASE00989,Atharv Iyer,27,Farmer,M
COMP00990,CASE00990,Yug Sridhar,53,Unemployed,M
COMP00991,CASE00991,Ekaraj Thakur,69,Private Employee,M
COMP00992,CASE00992,David Bail,44,Business,M
COMP00993,CASE00993,Umang Saxena,74,Farmer,M
COMP00994,CASE00994,Alexander Srivastava,61,Government Employee,M
COMP00995,CASE00995,Joshua Pillai,45,Farmer,M
COMP00996,CASE00996,Chandani Bera,50,Farmer,F
COMP00997,CASE00997,Krishna Basu,55,Farmer,M
COMP00998,CASE00998,Balhaar Patel,23,Private Employee,M
COMP00999,CASE00999,Gaurang Kapadia,44,Unemployed,M
COMP01000,CASE01000,Brijesh Pradhan,21,Unemployed,M
COMP01001,CASE01001,Zehaan Buch,27,Student,M
COMP01002,CASE01002,Xiti Virk,51,Business,F
COMP01003,CASE01003,Darpan Basu,52,Business,M
COMP01004,CASE01004,Dhruv Memon,35,Homemaker,M
COMP01005,CASE01005,Aradhana Mangat,43,Unemployed,F
COMP01006,CASE01006,Teerth Loyal,33,Business,M
COMP01007,CASE01007,Ikbal Bhatti,44,Business,M
COMP01008,CASE01008,Girik Arya,52,Unemployed,M
COMP01009,CASE01009,Karan Sandal,51,Homemaker,M
COMP01010,CASE01010,Upkaar Lala,44,Business,M
COMP01011,CASE01011,Manbir Korpal,40,Unemployed,M
COMP01012,CASE01012,Isaac Balakrishnan,55,Student,M
COMP01013,CASE01013,Christopher Pandya,43,Homemaker,M
COMP01014,CASE01014,Hitesh Suresh,66,Government Employee,M
COMP01015,CASE01015,Rachit Viswanathan,29,Business,M
COMP01016,CASE01016,Azad Rao,48,Government Employee,M
COMP01017,CASE01017,Banjeet Swaminathan,28,Homemaker,M
COMP01018,CASE01018,Zaid Mital,58,Business,M
COMP01019,CASE01019,Ishwar Edwin,60,Homemaker,M
COMP01020,CASE01020,Harshil Dyal,27,Unemployed,M
COMP01021,CASE01021,Xavier Memon,31,Private Employee,M
COMP01022,CASE01022,Ayushman Badal,19,Student,M
COMP01023,CASE01023,Dakshesh Seth,64,Unemployed,M
COMP01024,CASE01024,Manthan Gara,19,Business,M
COMP01025,CASE01025,Girik Venkatesh,67,Student,M
COMP01026,CASE01026,Harrison Mahal,74,Business,M
COMP01027,CASE01027,Oliver Agate,55,Unemployed,M
COMP01028,CASE01028,Gayathri Bansal,41,Farmer,F
COMP01029,CASE01029,Qasim Chad,40,Private Employee,M
COMP01030,CASE01030,Girindra Reddy,31,Student,M
COMP01031,CASE01031,Daniel Brar,23,Private Employee,M
COMP01032,CASE01032,Pratyush Vala,34,Business,M
COMP01033,CASE01033,Abdul Sastry,45,Student,M
COMP01034,CASE01034,Xavier Gara,64,Student,M
COMP01035,CASE01035,Samaksh Brahmbhatt,22,Homemaker,M
COMP01036,CASE01036,Patrick Bhat,66,Student,M
COMP01037,CASE01037,Damyanti Issac,23,Student,F
COMP01038,CASE01038,Chakradev Raghavan,45,Farmer,M
COMP01039,CASE01039,Fariq Rajagopal,56,Homemaker,M
COMP01040,CASE01040,Avi Behl,43,Government Employee,M
COMP01041,CASE01041,Indira Dhillon,33,Homemaker,T
COMP01042,CASE01042,Gagan Saxena,21,Unemployed,M
COMP01043,CASE01043,Nachiket Bhatnagar,31,Business,M
COMP01044,CASE01044,Chavvi Dube,19,Unemployed,F
COMP01045,CASE01045,Aarav Din,40,Business,M
COMP01046,CASE01046,Harita Saini,40,Student,F
COMP01047,CASE01047,Kiaan Gour,68,Government Employee,M
COMP01048,CASE01048,Yagnesh Arora,48,Unemployed,M
COMP01049,CASE01049,Ekaraj Walia,68,Government Employee,M
COMP01050,CASE01050,Harsh Bedi,30,Farmer,M
COMP01051,CASE01051,Praneel Parekh,62,Business,M
COMP01052,CASE01052,Gunbir Saran,55,Homemaker,M
COMP01053,CASE01053,David Jhaveri,44,Farmer,M
COMP01054,CASE01054,Caleb Lala,53,Student,M
COMP01055,CASE01055,Gaurang Kanda,18,Homemaker,M
COMP01056,CASE01056,Ishwar Sundaram,34,Unemployed,M
COMP01057,CASE01057,Matthew Aggarwal,41,Homemaker,M
COMP01058,CASE01058,Ayaan Gade,38,Farmer,M
COMP01059,CASE01059,Mason Patla,39,Private Employee,M
COMP01060,CASE01060,Fitan Nigam,20,Business,M
COMP01061,CASE01061,Waida Din,64,Farmer,T
COMP01062,CASE01062,Ryan Lalla,55,Business,M
COMP01063,CASE01063,Forum Kakar,54,Homemaker,F
COMP01064,CASE01064,Orinder Seth,58,Student,M
COMP01065,CASE01065,Tristan Ramakrishnan,50,Student,M
COMP01066,CASE01066,Noah Sehgal,42,Farmer,M
COMP01067,CASE01067,Chanakya Samra,18,Government Employee,M
COMP01068,CASE01068,Lipika Choudhury,67,Private Employee,F
COMP01069,CASE01069,Raghav Manne,32,Homemaker,M
COMP01070,CASE01070,Nitesh Baria,19,Farmer,M
COMP01071,CASE01071,Zayan Solanki,36,Government Employee,M
COMP01072,CASE01072,Pratyush Mohanty,57,Private Employee,M
COMP01073,CASE01073,Pratyush Saini,32,Farmer,M
COMP01074,CASE01074,Falan Sandal,63,Private Employee,M
COMP01075,CASE01075,Guneet Lala,54,Business,M
COMP01076,CASE01076,Ira Sharaf,44,Private Employee,F
COMP01077,CASE01077,Yashawini Nori,44,Homemaker,T
COMP01078,CASE01078,Elijah Cheema,50,Business,M
COMP01079,CASE01079,Yatan Basak,30,Private Employee,M
COMP01080,CASE01080,Abhiram Seth,56,Homemaker,M
COMP01081,CASE01081,Bahadurjit Sahota,27,Private Employee,M
COMP01082,CASE01082,Laksh Thakkar,67,Private Employee,M
COMP01083,CASE01083,Avi Rege,21,Farmer,M
COMP01084,CASE01084,David Chadha,33,Farmer,M
COMP01085,CASE01085,Udant Sandhu,75,Private Employee,M
COMP01086,CASE01086,Aarush Saraf,42,Unemployed,M
COMP01087,CASE01087,Nathan Palan,72,Homemaker,M
COMP01088,CASE01088,Nandini Doshi,24,Government Employee,F
COMP01089,CASE01089,Manthan Maharaj,60,Private Employee,M
COMP01090,CASE01090,Aayush Vasa,65,Farmer,M
COMP01091,CASE01091,Xiti Sarraf,24,Business,F
COMP01092,CASE01092,Yasti Menon,28,Homemaker,F
COMP01093,CASE01093,Anamika Narasimhan,74,Farmer,F
COMP01094,CASE01094,Nitesh Prabhu,44,Student,M
COMP01095,CASE01095,Tarak Munshi,63,Business,M
COMP01096,CASE01096,Yashawini Magar,72,Government Employee,F
COMP01097,CASE01097,Charan Sood,26,Student,M
COMP01098,CASE01098,Nakul Kari,36,Homemaker,M
COMP01099,CASE01099,Harrison Master,58,Business,M
COMP01100,CASE01100,Owen Vora,53,Student,M
COMP01101,CASE01101,Inaya Krishna,44,Farmer,F
COMP01102,CASE01102,Logan Taneja,48,Student,M
COMP01103,CASE01103,Samuel Ahuja,71,Business,M
COMP01104,CASE01104,Aashi Barad,72,Homemaker,F
COMP01105,CASE01105,Lakshit Om,37,Government Employee,M
COMP01106,CASE01106,Oliver Bahl,28,Homemaker,M
COMP01107,CASE01107,Damini Zachariah,62,Business,F
COMP01108,CASE01108,Naveen Nagy,52,Business,M
COMP01109,CASE01109,Vrishti Pandya,30,Unemployed,F
COMP01110,CASE01110,Jason Bhagat,73,Student,M
COMP01111,CASE01111,Bahadurjit Sundaram,22,Private Employee,M
COMP01112,CASE01112,Baljiwan Dube,32,Farmer,M
COMP01113,CASE01113,Tara Arya,73,Farmer,F
COMP01114,CASE01114,Chandani Raval,20,Unemployed,F
COMP01115,CASE01115,Baljiwan Shan,61,Student,M
COMP01116,CASE01116,Ekaraj Modi,69,Farmer,M
COMP01117,CASE01117,Urmi Mody,68,Farmer,F
COMP01118,CASE01118,Sathvik Nazareth,33,Unemployed,M
COMP01119,CASE01119,Sarthak Mistry,18,Student,M
COMP01120,CASE01120,Jackson Rout,34,Student,M
COMP01121,CASE01121,Tara Datta,68,Farmer,F
COMP01122,CASE01122,Pooja Balay,54,Homemaker,F
COMP01123,CASE01123,Rachit Patla,71,Farmer,M
COMP01124,CASE01124,Wakeeta Sahni,69,Homemaker,F
COMP01125,CASE01125,Tarak Reddy,64,Private Employee,M
COMP01126,CASE01126,Arya Seth,42,Unemployed,F
COMP01127,CASE01127,Ranbir Doshi,27,Private Employee,M
COMP01128,CASE01128,Thomas Sawhney,44,Business,M
COMP01129,CASE01129,Upkaar Deol,67,Government Employee,M
COMP01130,CASE01130,Jeet Saraf,20,Government Employee,M
COMP01131,CASE01131,Ekavir Ray,35,Farmer,M
COMP01132,CASE01132,Maanas Sheth,22,Business,M
COMP01133,CASE01133,Theodore Parsa,72,Homemaker,M
COMP01134,CASE01134,Laksh Devan,24,Private Employee,M
COMP01135,CASE01135,Anay Hegde,39,Farmer,M
COMP01136,CASE01136,Qasim Kadakia,32,Government Employee,M
COMP01137,CASE01137,Onkar Garg,25,Student,M
COMP01138,CASE01138,Gaurangi Kurian,60,Farmer,F
COMP01139,CASE01139,Anthony Wali,46,Farmer,M
COMP01140,CASE01140,Shaurya Bakshi,44,Farmer,M
COMP01141,CASE01141,Jackson Mitra,35,Homemaker,M
COMP01142,CASE01142,Vivaan Kari,75,Student,M
COMP01143,CASE01143,Ekalinga Comar,36,Unemployed,M
COMP01144,CASE01144,Yashica Tak,47,Business,F
COMP01145,CASE01145,Pratyush Kapur,19,Government Employee,M
COMP01146,CASE01146,Finn Bhat,69,Homemaker,M
COMP01147,CASE01147,Darpan Mukhopadhyay,42,Private Employee,M
COMP01148,CASE01148,Faras Arora,26,Homemaker,M
COMP01149,CASE01149,Samesh Jayaraman,38,Unemployed,M
COMP01150,CASE01150,Varsha Bumb,56,Private Employee,F
COMP01151,CASE01151,Reva Dugar,47,Unemployed,F
COMP01152,CASE01152,Jack Raja,32,Government Employee,M
COMP01153,CASE01153,Chanchal Halder,46,Private Employee,F
COMP01154,CASE01154,Arin Salvi,58,Business,M
COMP01155,CASE01155,Pranit Majumdar,51,Student,M
COMP01156,CASE01156,Banjeet Chopra,32,Government Employee,M
COMP01157,CASE01157,Ikbal Kakar,63,Government Employee,M
COMP01158,CASE01158,Harshil Bahri,57,Private Employee,M
COMP01159,CASE01159,Timothy Memon,70,Unemployed,M
COMP01160,CASE01160,Anay Ganguly,37,Farmer,M
COMP01161,CASE01161,Quincy Rajagopalan,42,Farmer,M
COMP01162,CASE01162,Farhan Dayal,45,Homemaker,M
COMP01163,CASE01163,Amruta Mane,40,Government Employee,F
COMP01164,CASE01164,Urishilla Issac,62,Unemployed,F
COMP01165,CASE01165,Ekbal Borra,40,Student,M
COMP01166,CASE01166,Raagini Mukherjee,43,Government Employee,F
COMP01167,CASE01167,Rushil Pall,71,Farmer,M
COMP01168,CASE01168,Amol Parmar,52,Business,M
COMP01169,CASE01169,Mitesh Mandal,39,Private Employee,M
COMP01170,CASE01170,Jacob Bail,24,Government Employee,M
COMP01171,CASE01171,Wriddhish Saini,43,Farmer,M
COMP01172,CASE01172,Zehaan Nath,36,Farmer,M
COMP01173,CASE01173,Madhav Rout,46,Private Employee,M
COMP01174,CASE01174,Kamala Bhat,43,Student,F
COMP01175,CASE01175,Atharv Raghavan,74,Business,M
COMP01176,CASE01176,Warinder Mangat,58,Unemployed,M
COMP01177,CASE01177,Onveer Pillai,51,Business,M
COMP01178,CASE01178,Chakradhar Dhar,34,Business,M
COMP01179,CASE01179,Faraj Dugar,18,Unemployed,M
COMP01180,CASE01180,Oscar Goyal,69,Farmer,M
COMP01181,CASE01181,Kai Vala,21,Student,M
COMP01182,CASE01182,Vedika Sandhu,18,Homemaker,F
COMP01183,CASE01183,Krish Raja,49,Homemaker,M
COMP01184,CASE01184,Yashodhara Nayar,59,Student,F
COMP01185,CASE01185,Viraj Goyal,37,Business,M
COMP01186,CASE01186,Fiyaz Rao,30,Homemaker,M
COMP01187,CASE01187,Ekaja Bansal,20,Student,T
COMP01188,CASE01188,Wazir Comar,25,Farmer,M
COMP01189,CASE01189,Baljiwan Solanki,54,Unemployed,M
COMP01190,CASE01190,Bachittar Krishnamurthy,71,Farmer,M
COMP01191,CASE01191,Darika Kashyap,35,Business,T
COMP01192,CASE01192,Aadi Goda,23,Private Employee,M
COMP01193,CASE01193,Darpan Swaminathan,23,Homemaker,M
COMP01194,CASE01194,Viraj Radhakrishnan,72,Business,M
COMP01195,CASE01195,Azaan Agate,35,Government Employee,M
COMP01196,CASE01196,Manthan Chahal,60,Unemployed,M
COMP01197,CASE01197,Warinder Jaggi,60,Business,M
COMP01198,CASE01198,Faras Subramaniam,62,Private Employee,M
COMP01199,CASE01199,Teerth Das,28,Government Employee,M
COMP01200,CASE01200,Peter Prabhu,24,Student,M
