VictimMasterID,CaseMasterID,VictimName,AgeYear,GenderID,VictimPolice
VIC00001,CASE00001,Abdul Arya,26,M,0
VIC00002,CASE00002,Hemang Saran,67,M,0
VIC00003,CASE00003,Nitesh Sur,22,M,0
VIC00004,CASE00004,Caleb Chad,68,M,0
VIC00005,CASE00005,Waida Thakkar,28,F,0
VIC00006,CASE00006,Yatan Chakrabarti,6,M,0
VIC00007,CASE00006,Samarth Loyal,48,M,0
VIC00008,CASE00007,Banjeet Sehgal,18,M,0
VIC00009,CASE00008,Rohan Bail,69,M,0
VIC00010,CASE00008,Nachiket Sahota,23,M,0
VIC00011,CASE00009,Ishaan Khatri,69,M,0
VIC00012,CASE00010,Sarthak Suri,72,M,0
VIC00013,CASE00011,Onveer Boase,10,M,0
VIC00014,CASE00012,Triveni Deep,80,F,0
VIC00015,CASE00012,Thomas Gole,73,M,0
VIC00016,CASE00013,Kiaan Din,47,M,0
VIC00017,CASE00013,Reyansh Ghose,80,M,0
VIC00018,CASE00014,Quincy Bhardwaj,58,M,0
VIC00019,CASE00015,Vanya Trivedi,78,F,0
VIC00020,CASE00015,Luke Varughese,45,M,0
VIC00021,CASE00016,Shaurya Ratta,43,M,0
VIC00022,CASE00017,Shivani Patla,79,F,0
VIC00023,CASE00018,Arin Chadha,5,M,0
VIC00024,CASE00019,Jack Chaudhry,62,M,0
VIC00025,CASE00020,Jonathan Puri,60,M,0
VIC00026,CASE00021,Ekani Chahal,40,F,0
VIC00027,CASE00022,Ojas Ray,44,M,0
VIC00028,CASE00022,Arjun Dar,11,M,0
VIC00029,CASE00023,Vaishnavi Devan,32,F,0
VIC00030,CASE00023,Gaurav Bhalla,75,M,0
VIC00031,CASE00024,Darpan Kamdar,35,M,0
VIC00032,CASE00025,Finn Vyas,47,M,0
VIC00033,CASE00025,Frado Ratti,30,M,0
VIC00034,CASE00026,Ranbir Chatterjee,15,M,0
VIC00035,CASE00027,Anthony Kar,66,M,0
VIC00036,CASE00028,Chatresh Chopra,38,M,0
VIC00037,CASE00029,Harsh Natarajan,37,M,0
VIC00038,CASE00030,Rudra Malhotra,59,M,0
VIC00039,CASE00030,Logan Sehgal,25,M,0
VIC00040,CASE00031,Chandran Tiwari,41,M,0
VIC00041,CASE00032,Pushti Dass,75,T,0
VIC00042,CASE00033,Shaurya Vig,24,M,0
VIC00043,CASE00034,Advika Patla,5,F,0
VIC00044,CASE00035,Ekalinga Divan,39,M,0
VIC00045,CASE00036,Azad Padmanabhan,62,M,0
VIC00046,CASE00037,Nihal Ratta,73,M,0
VIC00047,CASE00038,Kai Mukherjee,66,M,0
VIC00048,CASE00038,Christopher Sundaram,40,M,0
VIC00049,CASE00039,Darsh Iyer,16,M,0
VIC00050,CASE00040,Yash Sule,29,M,0
VIC00051,CASE00041,Aarnav Cheema,16,M,0
VIC00052,CASE00042,Samesh Misra,48,M,0
VIC00053,CASE00043,Naksh Sethi,73,M,0
VIC00054,CASE00044,Parth Mandal,49,M,0
VIC00055,CASE00045,Ethan Arora,54,M,0
VIC00056,CASE00046,Orinder Wagle,70,M,0
VIC00057,CASE00046,Zayyan Ravi,56,M,0
VIC00058,CASE00047,Faris Karnik,66,M,0
VIC00059,CASE00048,Saumya Sekhon,34,F,0
VIC00060,CASE00049,Harshil Kota,63,M,0
VIC00061,CASE00049,Yagnesh Konda,52,M,0
VIC00062,CASE00050,Krishna Kota,9,F,0
VIC00063,CASE00051,Jack Bhalla,78,M,0
VIC00064,CASE00051,Pranav Sama,52,M,0
VIC00065,CASE00052,Jatin Karnik,5,M,0
VIC00066,CASE00053,Jeevika De,15,F,0
VIC00067,CASE00054,Nandini Basak,71,F,0
VIC00068,CASE00055,Elijah Ratta,65,M,0
VIC00069,CASE00056,Onkar Bora,75,M,0
VIC00070,CASE00056,Brijesh Dixit,48,M,0
VIC00071,CASE00057,Udarsh Banik,9,M,0
VIC00072,CASE00058,Luke Sibal,73,M,0
VIC00073,CASE00059,Anay Chand,18,M,0
VIC00074,CASE00059,Ekavir Wason,43,M,0
VIC00075,CASE00060,Abhiram Basu,53,M,0
VIC00076,CASE00061,Praneel Wali,57,M,0
VIC00077,CASE00062,Lekha Wable,51,F,0
VIC00078,CASE00063,Timothy Gara,43,M,0
VIC00079,CASE00064,David Gopal,41,M,0
VIC00080,CASE00064,Pranit Bala,16,M,0
VIC00081,CASE00065,Panini Savant,17,F,0
VIC00082,CASE00066,Amol Pillai,38,M,0
VIC00083,CASE00067,Frederick Gulati,20,M,0
VIC00084,CASE00068,Samarth Bhatt,79,M,0
VIC00085,CASE00069,Onkar Parmar,40,M,0
VIC00086,CASE00070,Nidra Bajaj,75,F,0
VIC00087,CASE00071,Barkha Nanda,75,F,0
VIC00088,CASE00072,Chakrika Pandit,43,F,0
VIC00089,CASE00073,Bhavya Guha,10,F,0
VIC00090,CASE00074,Bhavika Kannan,58,F,0
VIC00091,CASE00075,Charles Kamdar,39,M,0
VIC00092,CASE00076,Shaurya Shenoy,17,M,0
VIC00093,CASE00077,Siddharth Barman,66,M,0
VIC00094,CASE00078,Noah Mukherjee,51,M,0
VIC00095,CASE00079,Zehaan Anne,38,M,0
VIC00096,CASE00079,Jackson More,76,M,0
VIC00097,CASE00080,Karan Dhar,26,M,0
VIC00098,CASE00081,Noah Rao,77,M,0
VIC00099,CASE00082,Agastya Rajagopal,7,M,0
VIC00100,CASE00083,Ekbal Kade,21,M,0
VIC00101,CASE00083,Ronith Karpe,70,M,0
VIC00102,CASE00084,Mugdha Bail,5,F,0
VIC00103,CASE00085,Nihal Padmanabhan,29,M,0
VIC00104,CASE00086,Theodore Bajaj,12,M,0
VIC00105,CASE00086,Maanas Lanka,54,M,0
VIC00106,CASE00087,Yauvani Patil,42,F,0
VIC00107,CASE00088,Max Bhattacharyya,80,M,0
VIC00108,CASE00089,Bhavna Prasad,41,F,0
VIC00109,CASE00089,Victor Baral,20,M,0
VIC00110,CASE00090,Charan Bhattacharyya,68,M,0
VIC00111,CASE00090,Rishi Pathak,19,M,0
VIC00112,CASE00091,Matthew Nagarajan,37,M,0
VIC00113,CASE00091,Naveen Natt,78,M,0
VIC00114,CASE00092,Mohini Barman,79,F,0
VIC00115,CASE00093,Vasatika Mall,36,F,0
VIC00116,CASE00094,Hredhaan Solanki,34,M,0
VIC00117,CASE00095,Hardik Wali,14,M,0
VIC00118,CASE00096,Jacob Gour,32,M,0
VIC00119,CASE00096,Devansh Kapoor,19,M,0
VIC00120,CASE00097,Azaan Sanghvi,19,M,0
VIC00121,CASE00098,Wridesh Bala,48,M,0
VIC00122,CASE00099,David Basu,23,M,0
VIC00123,CASE00100,Unni Nagi,46,F,0
VIC00124,CASE00101,Michael Ahuja,71,M,0
VIC00125,CASE00101,Caleb Chaudhari,61,M,0
VIC00126,CASE00102,Upasna Bal,23,F,0
VIC00127,CASE00103,Sai Deshpande,29,M,0
VIC00128,CASE00104,Charles Seth,40,M,0
VIC00129,CASE00105,Hardik Ravi,5,M,0
VIC00130,CASE00105,Alexander Joshi,25,M,0
VIC00131,CASE00106,Eesha Deshpande,12,F,0
VIC00132,CASE00107,Advay Kulkarni,31,M,0
VIC00133,CASE00107,Balhaar Kapoor,41,M,0
VIC00134,CASE00108,Charles Pillai,27,M,0
VIC00135,CASE00109,Gunbir Wagle,65,M,0
VIC00136,CASE00109,Lekha Mangal,72,F,0
VIC00137,CASE00110,Nicholas Venkataraman,49,M,0
VIC00138,CASE00111,Siddharth Ray,62,M,0
VIC00139,CASE00112,Chandran Barad,40,M,0
VIC00140,CASE00113,Yashasvi Sandal,39,F,0
VIC00141,CASE00113,Praneel Gara,33,M,0
VIC00142,CASE00114,Ladli Natt,7,F,0
VIC00143,CASE00114,Ekanta Wali,67,F,0
VIC00144,CASE00115,Qadim Din,75,M,0
VIC00145,CASE00115,Joshua Ramakrishnan,23,M,0
VIC00146,CASE00116,Brijesh Baria,52,M,0
VIC00147,CASE00117,Onveer Mangal,39,M,0
VIC00148,CASE00118,Quincy Krishnamurthy,7,M,0
VIC00149,CASE00119,Darpan Datta,18,M,0
VIC00150,CASE00120,Yashasvi Ghose,37,F,0
VIC00151,CASE00121,Kabir Rau,76,M,0
VIC00152,CASE00122,Balveer Rajagopalan,72,M,0
VIC00153,CASE00123,Onkar Mahal,7,M,0
VIC00154,CASE00124,Harsh Mittal,75,M,0
VIC00155,CASE00125,Jack Shukla,5,M,0
VIC00156,CASE00125,Robert Guha,28,M,0
VIC00157,CASE00126,Wriddhish Lala,59,M,0
VIC00158,CASE00127,Nachiket Bava,39,M,0
VIC00159,CASE00128,Gaurav Naik,77,M,0
VIC00160,CASE00129,Dev Sibal,65,M,0
VIC00161,CASE00130,Zilmil Merchant,46,F,0
VIC00162,CASE00131,Chaman Dasgupta,50,F,0
VIC00163,CASE00132,Harshil Kurian,73,M,0
VIC00164,CASE00132,Veer Mistry,34,M,0
VIC00165,CASE00133,Leela Wadhwa,7,F,0
VIC00166,CASE00133,Azaan Yadav,18,M,0
VIC00167,CASE00134,Hredhaan Garde,10,M,0
VIC00168,CASE00135,Rayaan Ramesh,73,M,0
VIC00169,CASE00136,Bachittar Nadkarni,75,M,0
VIC00170,CASE00137,Zashil Mishra,33,M,0
VIC00171,CASE00137,Abhiram Uppal,32,M,0
VIC00172,CASE00138,Alexander Biswas,37,M,0
VIC00173,CASE00139,Vaishnavi Varma,57,F,0
VIC00174,CASE00140,Garima Goswami,80,T,0
VIC00175,CASE00141,Ekani Pandit,16,F,0
VIC00176,CASE00141,Pratyush Bhatti,35,M,0
VIC00177,CASE00142,Chakradhar Choudhary,37,M,0
VIC00178,CASE00143,Girindra Shah,40,M,0
VIC00179,CASE00144,Rehaan Sibal,5,M,0
VIC00180,CASE00145,Oviya Zacharia,32,F,0
VIC00181,CASE00145,Vasana Bahri,47,F,0
VIC00182,CASE00146,Saksham Rajan,79,M,0
VIC00183,CASE00147,Harita Tak,40,F,0
VIC00184,CASE00148,Imaran Sandhu,49,M,0
VIC00185,CASE00149,Dev Golla,76,M,0
VIC00186,CASE00150,Girish Chowdhury,17,M,0
VIC00187,CASE00151,Onveer Puri,29,M,0
VIC00188,CASE00152,Lopa Kulkarni,34,F,0
VIC00189,CASE00153,Logan Ahuja,30,M,0
VIC00190,CASE00154,Yatan Dash,42,M,0
VIC00191,CASE00155,Aarush Wali,62,M,0
VIC00192,CASE00155,Rayaan Choudhry,22,M,0
VIC00193,CASE00156,Gaurang Kari,31,M,0
VIC00194,CASE00157,Dalbir Wable,43,M,0
VIC00195,CASE00158,Jeremiah Narang,13,M,0
VIC00196,CASE00158,Nitara Ratta,25,F,0
VIC00197,CASE00159,Imaran Vora,26,M,0
VIC00198,CASE00159,Fariq Rattan,73,M,0
VIC00199,CASE00160,George Mishra,58,M,0
VIC00200,CASE00161,Gautam Pillai,25,M,0
VIC00201,CASE00162,Utkarsh Krishna,58,M,0
VIC00202,CASE00163,Isaiah Kashyap,26,M,0
VIC00203,CASE00164,Baljiwan Narain,76,M,0
VIC00204,CASE00165,Harinakshi Bhatti,25,F,0
VIC00205,CASE00166,Harita Patla,59,F,0
VIC00206,CASE00167,Matthew Dube,61,M,0
VIC00207,CASE00168,Banjeet Sachdeva,32,M,0
VIC00208,CASE00169,Orinder Pillai,42,M,0
VIC00209,CASE00170,Girik Kota,64,M,0
VIC00210,CASE00170,Wishi Contractor,79,F,0
VIC00211,CASE00171,Anya Venkatesh,21,F,0
VIC00212,CASE00172,Vincent Sawhney,73,M,0
VIC00213,CASE00173,Sathvik De,55,M,0
VIC00214,CASE00174,Aayush Pandey,28,M,0
VIC00215,CASE00175,Yahvi Muni,35,F,0
VIC00216,CASE00176,Viraj Rana,74,M,0
VIC00217,CASE00177,Aayush Jain,75,M,0
VIC00218,CASE00178,Gautam Krish,73,M,0
VIC00219,CASE00179,Rishi Wali,47,M,0
VIC00220,CASE00180,Ucchal Kala,10,F,0
VIC00221,CASE00181,Indrajit Cheema,31,M,0
VIC00222,CASE00181,Krish Kamdar,33,M,0
VIC00223,CASE00182,Teerth Dhaliwal,61,M,0
VIC00224,CASE00183,Faris Khosla,74,M,0
VIC00225,CASE00184,Max Natt,46,M,0
VIC00226,CASE00185,Vedant Ahuja,40,M,0
VIC00227,CASE00185,Ria Balasubramanian,48,T,0
VIC00228,CASE00186,Jacob Dixit,6,M,0
VIC00229,CASE00187,Fiyaz Arora,8,M,0
VIC00230,CASE00188,Ayushman Lata,26,M,0
VIC00231,CASE00189,Kai Kothari,29,M,0
VIC00232,CASE00190,Kashvi Ratta,17,F,0
VIC00233,CASE00190,Harish Dugar,73,M,0
VIC00234,CASE00191,Ayaan Rastogi,8,M,0
VIC00235,CASE00192,Anamika Zacharia,45,F,0
VIC00236,CASE00193,Gaurav Choudhury,69,M,0
VIC00237,CASE00193,Ishwar Pillay,42,M,0
VIC00238,CASE00194,Sarthak Bansal,74,M,0
VIC00239,CASE00195,Faras Shankar,78,M,0
VIC00240,CASE00196,Vedant Gour,71,M,0
VIC00241,CASE00196,Chaaya Bajaj,14,F,0
VIC00242,CASE00197,Ansh Butala,41,M,0
VIC00243,CASE00198,Onveer Sur,65,M,0
VIC00244,CASE00199,Falan Chokshi,64,M,0
VIC00245,CASE00200,Yash Vaidya,11,M,0
VIC00246,CASE00201,Ekapad Atwal,36,M,0
VIC00247,CASE00202,Girindra Mitter,48,M,0
VIC00248,CASE00202,Avi Keer,71,M,0
VIC00249,CASE00203,Zashil Seth,56,M,0
VIC00250,CASE00204,Warjas Karan,35,M,0
VIC00251,CASE00204,Dev Soni,39,M,0
VIC00252,CASE00205,Shivani Sengupta,52,T,0
VIC00253,CASE00206,Chakradev Taneja,26,M,0
VIC00254,CASE00207,Karan Bhatia,75,M,0
VIC00255,CASE00207,Advay Halder,65,M,0
VIC00256,CASE00208,Finn Kuruvilla,35,M,0
VIC00257,CASE00209,Ryan Kulkarni,76,M,0
VIC00258,CASE00209,Sathvik Sachar,50,M,0
VIC00259,CASE00210,Zaid Mann,72,M,0
VIC00260,CASE00211,Samarth Chaudhari,12,M,0
VIC00261,CASE00212,Triveni Kanda,20,F,0
VIC00262,CASE00213,Veer Thaman,72,M,0
VIC00263,CASE00213,Caleb Chahal,76,M,0
VIC00264,CASE00214,Balendra Peri,38,M,0
VIC00265,CASE00215,Abhimanyu Pathak,65,M,0
VIC00266,CASE00216,Bhavika Mall,36,F,0
VIC00267,CASE00216,Ekalinga Kant,53,M,0
VIC00268,CASE00217,Abeer Sangha,13,M,0
VIC00269,CASE00218,Aryan Srinivasan,24,M,0
VIC00270,CASE00218,Krishna Jain,23,M,0
VIC00271,CASE00219,Kiaan Pall,42,M,0
VIC00272,CASE00219,Yuvraj Andra,71,M,0
VIC00273,CASE00220,Banjeet Karnik,25,M,0
VIC00274,CASE00221,Rachit Murthy,58,M,0
VIC00275,CASE00222,David Chakrabarti,72,M,0
VIC00276,CASE00223,Gunbir Saxena,44,M,0
VIC00277,CASE00223,Pushti Kulkarni,37,F,0
VIC00278,CASE00224,Orinder Varghese,10,M,0
VIC00279,CASE00225,Vihaan Krishna,54,M,0
VIC00280,CASE00225,Wahab Shroff,52,M,0
VIC00281,CASE00226,Krisha Wali,10,F,0
VIC00282,CASE00227,Rehaan Savant,34,M,0
VIC00283,CASE00228,Nathan Dalal,28,M,0
VIC00284,CASE00229,Advay Sachdeva,7,M,0
VIC00285,CASE00230,Hemang Gupta,44,M,0
VIC00286,CASE00231,Januja Chawla,42,F,0
VIC00287,CASE00231,Laksh Sachdev,72,M,0
VIC00288,CASE00232,Bahadurjit Jain,18,M,0
VIC00289,CASE00233,Rishi Patla,69,M,0
VIC00290,CASE00234,Vansha Balasubramanian,40,F,0
VIC00291,CASE00235,Chandresh Kaur,22,M,0
VIC00292,CASE00236,Laksh Sen,12,M,0
VIC00293,CASE00236,Chandran Mangal,48,M,0
VIC00294,CASE00237,Warinder More,12,M,0
VIC00295,CASE00238,Thomas Lala,32,M,0
VIC00296,CASE00239,Sneha Murty,50,F,0
VIC00297,CASE00240,Irya Kanda,37,F,0
VIC00298,CASE00241,Rajata Banik,20,F,0
VIC00299,CASE00242,Gavin Koshy,23,M,0
VIC00300,CASE00242,Zinal Chauhan,16,F,0
VIC00301,CASE00243,Kalpit Murthy,63,M,0
VIC00302,CASE00244,Wriddhish Madan,20,M,0
VIC00303,CASE00244,Aadi Balay,30,M,0
VIC00304,CASE00245,Balhaar Hegde,30,M,0
VIC00305,CASE00246,Yuvraj Sha,56,M,0
VIC00306,CASE00246,Kabir Thakkar,33,M,0
VIC00307,CASE00247,Pallavi Bassi,9,F,0
VIC00308,CASE00248,Bhavani Bhardwaj,69,F,0
VIC00309,CASE00249,Nathan Batta,46,M,0
VIC00310,CASE00249,Eesha Chopra,17,T,0
VIC00311,CASE00250,Kamala Mahal,57,F,0
VIC00312,CASE00250,Nakul Dutt,72,M,0
VIC00313,CASE00251,Krishna Din,28,M,0
VIC00314,CASE00252,Chandani Raj,8,F,0
VIC00315,CASE00253,Rushil Bath,58,M,0
VIC00316,CASE00254,Thomas Babu,72,M,0
VIC00317,CASE00255,Gopal Dhaliwal,53,M,0
VIC00318,CASE00256,Jack Memon,68,M,0
VIC00319,CASE00257,Joshua Nayar,20,M,0
VIC00320,CASE00258,Vasudha Krish,32,F,0
VIC00321,CASE00258,Karan Bir,49,M,0
VIC00322,CASE00259,Meghana Shanker,14,F,0
VIC00323,CASE00260,Chanakya Khurana,20,M,0
VIC00324,CASE00261,Jai Hari,42,M,0
VIC00325,CASE00262,Finn Dhawan,72,M,0
VIC00326,CASE00263,Mason Warrior,8,M,0
VIC00327,CASE00263,Mason Zacharia,57,M,0
VIC00328,CASE00264,Chakradev Dhawan,25,M,0
VIC00329,CASE00265,Gaurang Tripathi,69,M,0
VIC00330,CASE00266,Manthan Sridhar,62,M,0
VIC00331,CASE00267,Qasim Chandra,58,M,0
VIC00332,CASE00268,Qarin Nair,9,M,0
VIC00333,CASE00269,Samesh Mandal,73,M,0
VIC00334,CASE00270,Avni Chandran,10,F,0
VIC00335,CASE00270,Gaurika Gandhi,7,F,0
VIC00336,CASE00271,Naveen Dasgupta,55,M,0
VIC00337,CASE00272,Maanav Hegde,10,M,0
VIC00338,CASE00272,Azad Vala,17,M,0
VIC00339,CASE00273,Sarthak Saraf,59,M,0
VIC00340,CASE00274,Dayita Sheth,29,F,0
VIC00341,CASE00275,Patrick Shanker,31,M,0
VIC00342,CASE00276,Ayushman Banerjee,16,M,0
VIC00343,CASE00277,Charles Rastogi,63,M,0
VIC00344,CASE00278,Veer Nayak,32,M,0
VIC00345,CASE00279,Yashawini Shah,32,F,0
VIC00346,CASE00280,Yahvi Dada,50,F,0
VIC00347,CASE00281,Udyati Dua,70,F,0
VIC00348,CASE00282,Viraj Gill,18,M,0
VIC00349,CASE00283,Zayyan Aggarwal,67,M,0
VIC00350,CASE00283,Kiaan Dixit,76,M,0
VIC00351,CASE00284,Udant Naik,72,M,0
VIC00352,CASE00285,Rohan Dixit,10,M,0
VIC00353,CASE00286,Veer Banerjee,75,M,0
VIC00354,CASE00287,Niharika Mand,62,F,0
VIC00355,CASE00288,Ekavir Cheema,35,M,0
VIC00356,CASE00289,Siya Sodhi,75,F,0
VIC00357,CASE00289,Abdul Venkataraman,72,M,0
VIC00358,CASE00290,Girish Nadig,32,M,0
VIC00359,CASE00291,Wyatt Batta,20,M,0
VIC00360,CASE00292,Raghav Vaidya,52,M,0
VIC00361,CASE00293,Charan Rai,7,M,0
VIC00362,CASE00293,Zayan Sanghvi,11,M,0
VIC00363,CASE00294,Zinal Nair,79,T,0
VIC00364,CASE00295,Hamsini Khosla,41,F,0
VIC00365,CASE00296,Waida Acharya,62,F,0
VIC00366,CASE00297,Naksh Karpe,26,M,0
VIC00367,CASE00298,Viraj Lall,78,M,0
VIC00368,CASE00298,Logan Wable,58,M,0
VIC00369,CASE00299,Garima Rama,42,F,0
VIC00370,CASE00299,Chaitaly Savant,63,F,0
VIC00371,CASE00300,Ubika Madan,42,F,0
VIC00372,CASE00301,Frederick Bhagat,51,M,0
VIC00373,CASE00302,Patrick Gara,77,M,0
VIC00374,CASE00302,Yash Butala,47,M,0
VIC00375,CASE00303,Sarthak Bhardwaj,69,M,0
VIC00376,CASE00304,Viraj Nagy,29,M,0
VIC00377,CASE00305,Anjali Pradhan,18,F,0
VIC00378,CASE00306,Ladli Patla,33,F,0
VIC00379,CASE00307,Ishita Sabharwal,60,F,0
VIC00380,CASE00308,Harrison Sarna,12,M,0
VIC00381,CASE00308,Baljiwan Arya,7,M,0
VIC00382,CASE00309,Chandran Yohannan,20,M,0
VIC00383,CASE00309,Nakul Bhagat,58,M,0
VIC00384,CASE00310,Qasim Dutt,27,M,0
VIC00385,CASE00311,Michael Dada,34,M,0
VIC00386,CASE00312,Maanav Varty,51,M,0
VIC00387,CASE00313,Arya Shroff,71,F,0
VIC00388,CASE00314,Udant Grewal,76,M,0
VIC00389,CASE00315,Ria Garde,41,F,0
VIC00390,CASE00316,Kashish Mittal,57,F,0
VIC00391,CASE00317,Bhavya Dalal,77,F,0
VIC00392,CASE00318,Imaran Bera,75,M,0
VIC00393,CASE00318,Eesha Gupta,23,F,0
VIC00394,CASE00319,Jatin Sem,50,M,0
VIC00395,CASE00319,Laksh Rana,23,M,0
VIC00396,CASE00320,Tanveer Sarin,16,M,0
VIC00397,CASE00320,Vanya Murty,53,F,0
VIC00398,CASE00321,Dhruv Iyengar,14,M,0
VIC00399,CASE00321,Janya Kamdar,32,F,0
VIC00400,CASE00322,Viraj Batra,59,M,0
VIC00401,CASE00323,Imaran Borde,23,M,0
VIC00402,CASE00324,Warda Chada,45,F,0
VIC00403,CASE00325,Yasti Kannan,20,F,0
VIC00404,CASE00326,Ekani Gulati,39,F,0
VIC00405,CASE00327,Jason Sharma,35,M,0
VIC00406,CASE00327,Tanay Balasubramanian,44,M,0
VIC00407,CASE00328,Caleb Thakkar,10,M,0
VIC00408,CASE00329,Ishanvi Oak,26,F,0
VIC00409,CASE00330,Abhiram Dhillon,5,M,0
VIC00410,CASE00330,Ishwar Hegde,70,M,0
VIC00411,CASE00331,Wyatt Gupta,54,M,0
VIC00412,CASE00331,Indrajit Narang,12,M,0
VIC00413,CASE00332,Janani Chad,54,F,0
VIC00414,CASE00333,Nathan Sinha,29,M,0
VIC00415,CASE00334,Meghana Kaur,8,F,0
VIC00416,CASE00335,Kamya Dada,53,F,0
VIC00417,CASE00336,Rachit Gera,40,M,0
VIC00418,CASE00337,Umang Shroff,14,M,0
VIC00419,CASE00338,Mason Ramesh,57,M,0
VIC00420,CASE00339,Bina Chaudhry,71,F,0
VIC00421,CASE00340,Harini Mallick,61,F,0
VIC00422,CASE00341,Samarth Merchant,11,M,0
VIC00423,CASE00341,Ekapad Sood,33,M,0
VIC00424,CASE00342,Utkarsh Babu,68,M,0
VIC00425,CASE00343,Raghav Ram,41,M,0
VIC00426,CASE00343,Darsh Ravi,12,M,0
VIC00427,CASE00344,Aahana Kohli,56,F,0
VIC00428,CASE00344,Daniel Hayer,57,M,0
VIC00429,CASE00345,Samarth Goswami,49,M,0
VIC00430,CASE00346,Utkarsh Boase,16,M,0
VIC00431,CASE00347,Abhiram Dey,65,M,0
VIC00432,CASE00347,Meghana Krish,11,F,0
VIC00433,CASE00348,Jairaj Ghosh,13,M,0
VIC00434,CASE00349,Abdul Srinivasan,72,M,0
VIC00435,CASE00350,Pranit Varty,29,M,0
VIC00436,CASE00351,Ethan Wadhwa,34,M,0
VIC00437,CASE00352,Ira Korpal,45,F,0
VIC00438,CASE00353,Faqid Sen,26,M,0
VIC00439,CASE00354,Guneet Jain,56,M,0
VIC00440,CASE00355,Tanay Grover,15,M,0
VIC00441,CASE00356,Wyatt Sidhu,26,M,0
VIC00442,CASE00356,Avi Mitra,15,M,0
VIC00443,CASE00357,George Goel,19,M,0
VIC00444,CASE00358,Nakul Narasimhan,35,M,0
VIC00445,CASE00359,Qadim Kurian,68,M,0
VIC00446,CASE00360,Daniel Babu,29,M,0
VIC00447,CASE00361,Christopher Kar,74,M,0
VIC00448,CASE00362,Nakul Kapadia,80,M,0
VIC00449,CASE00363,Hritik Radhakrishnan,26,M,0
VIC00450,CASE00364,Vivaan Singhal,55,M,0
VIC00451,CASE00365,Utkarsh Kaur,17,M,0
VIC00452,CASE00366,Nitesh Mand,11,M,0
VIC00453,CASE00366,Arjun Dixit,31,M,0
VIC00454,CASE00367,Jeevika Sagar,55,F,0
VIC00455,CASE00368,Agastya Chadha,23,M,0
VIC00456,CASE00368,Avni Khanna,68,F,0
VIC00457,CASE00369,Aadhya Chada,14,F,0
VIC00458,CASE00370,Nandini Bhatti,16,F,0
VIC00459,CASE00371,Urvashi Bir,80,F,0
VIC00460,CASE00371,Ethan Yohannan,28,M,0
VIC00461,CASE00372,Tejas Dugal,38,M,0
VIC00462,CASE00373,Rishi Hegde,74,M,0
VIC00463,CASE00373,Yatin Sengupta,67,M,0
VIC00464,CASE00374,Finn Sawhney,59,M,0
VIC00465,CASE00374,Ojasvi Morar,34,F,0
VIC00466,CASE00375,Bimala More,70,F,0
VIC00467,CASE00376,Ekbal Menon,45,M,0
VIC00468,CASE00377,Onveer Oommen,34,M,0
VIC00469,CASE00377,Bahadurjit Gopal,62,M,0
VIC00470,CASE00378,Neel Vohra,80,M,0
VIC00471,CASE00379,Falan Sunder,20,M,0
VIC00472,CASE00379,Krishna Tandon,12,M,0
VIC00473,CASE00380,Siya Bains,68,F,0
VIC00474,CASE00380,Frado Kara,56,M,0
VIC00475,CASE00381,Ishita Balay,6,F,0
VIC00476,CASE00382,Dalbir Cheema,53,M,0
VIC00477,CASE00383,Krish Mital,26,M,0
VIC00478,CASE00384,Elijah Mammen,49,M,0
VIC00479,CASE00385,Harsh Hora,16,M,0
VIC00480,CASE00386,Ranveer Mangat,51,M,0
VIC00481,CASE00386,Siddharth Sankar,47,M,0
VIC00482,CASE00387,Indali Datta,38,F,0
VIC00483,CASE00387,Max Krish,24,M,0
VIC00484,CASE00388,Wridesh Raman,27,M,0
VIC00485,CASE00389,Ekta Pall,22,F,0
VIC00486,CASE00390,Samesh Shanker,63,M,0
VIC00487,CASE00391,Madhav Oak,73,M,0
VIC00488,CASE00392,Dominic Mittal,74,M,0
VIC00489,CASE00393,Pooja Murthy,7,F,0
VIC00490,CASE00394,Max Mander,9,M,0
VIC00491,CASE00395,Urvashi Setty,34,F,0
VIC00492,CASE00396,Garima Madan,37,F,0
VIC00493,CASE00396,Logan Sarkar,42,M,0
VIC00494,CASE00397,Faris Mukhopadhyay,48,M,0
VIC00495,CASE00398,Darpan Kata,41,M,0
VIC00496,CASE00399,Yatan Sanghvi,74,M,0
VIC00497,CASE00400,Aradhana Sur,9,F,0
VIC00498,CASE00400,Matthew Dar,61,M,0
VIC00499,CASE00401,Akshay Cheema,27,M,0
VIC00500,CASE00402,Radha Sabharwal,56,F,0
VIC00501,CASE00403,Yuvraj Raj,30,M,0
VIC00502,CASE00403,Andrew Shah,28,M,0
VIC00503,CASE00404,Harita Sankar,62,F,0
VIC00504,CASE00405,Karan Parmer,14,M,0
VIC00505,CASE00406,Chaitanya Ahuja,64,M,0
VIC00506,CASE00407,Ayaan Venkataraman,68,M,0
VIC00507,CASE00407,Qarin Sodhi,24,M,0
VIC00508,CASE00408,Thomas Lalla,24,M,0
VIC00509,CASE00408,Eta Pillai,21,F,0
VIC00510,CASE00409,Om Jhaveri,30,M,0
VIC00511,CASE00410,Saumya Das,9,T,0
VIC00512,CASE00410,Ijaya Prabhakar,73,F,0
VIC00513,CASE00411,Manan Shanker,5,M,0
VIC00514,CASE00412,Brijesh Sharma,35,M,0
VIC00515,CASE00412,Karan Palan,39,M,0
VIC00516,CASE00413,Shaurya Rau,51,M,0
VIC00517,CASE00414,Aarav Zachariah,47,M,0
VIC00518,CASE00414,Sarthak Jayaraman,77,M,0
VIC00519,CASE00415,Ishwar Seth,20,M,0
VIC00520,CASE00416,Noah Gour,74,M,0
VIC00521,CASE00417,Jai Sethi,48,M,0
VIC00522,CASE00418,Onveer Dutt,28,M,0
VIC00523,CASE00419,Ekavir Bava,55,M,0
VIC00524,CASE00419,Maanav Contractor,50,M,0
VIC00525,CASE00420,Saksham Krishnamurthy,36,M,0
VIC00526,CASE00421,Nachiket Barman,78,M,0
VIC00527,CASE00422,Hemani Din,33,F,0
VIC00528,CASE00423,Abdul Iyengar,78,M,0
VIC00529,CASE00424,Jeet Badal,26,M,0
VIC00530,CASE00425,Victor Jhaveri,46,M,0
VIC00531,CASE00426,Girindra Ray,48,M,0
VIC00532,CASE00427,Gopal Balasubramanian,48,M,0
VIC00533,CASE00427,Yatin Saini,78,M,0
VIC00534,CASE00428,Tejas Manda,80,M,0
VIC00535,CASE00429,Meghana Saran,33,F,0
VIC00536,CASE00430,Karan Magar,52,M,0
VIC00537,CASE00431,Kevin Pingle,69,M,0
VIC00538,CASE00432,Oscar Saran,55,M,0
VIC00539,CASE00433,Laksh Sant,67,M,0
VIC00540,CASE00434,Shivani Raj,76,F,0
VIC00541,CASE00435,Krishna Bora,46,M,0
VIC00542,CASE00436,Matthew Bumb,41,M,0
VIC00543,CASE00436,Anika Apte,33,F,0
VIC00544,CASE00437,Viraj Patla,20,M,0
VIC00545,CASE00438,Yasti Talwar,19,F,0
VIC00546,CASE00439,Darsh Mani,26,M,0
VIC00547,CASE00439,Aarush Sawhney,71,M,0
VIC00548,CASE00440,Guneet Joshi,39,M,0
VIC00549,CASE00441,Anay Krish,51,M,0
VIC00550,CASE00442,Teerth Wable,16,M,0
VIC00551,CASE00443,Avi Talwar,18,M,0
VIC00552,CASE00444,Vasatika Chaudhuri,30,F,0
VIC00553,CASE00445,Alexander Kaur,27,M,0
VIC00554,CASE00446,Viraj Ghose,32,M,0
VIC00555,CASE00447,Wazir Yadav,72,M,0
VIC00556,CASE00447,Jai Ben,59,M,0
VIC00557,CASE00448,Bhavna Chahal,10,F,0
VIC00558,CASE00448,Ekansh Murthy,39,M,0
VIC00559,CASE00449,Jagat Chakrabarti,18,M,0
VIC00560,CASE00450,Ekantika Savant,16,F,0
VIC00561,CASE00451,Dakshesh Srinivasan,27,M,0
VIC00562,CASE00452,Abdul Chaudry,72,M,0
VIC00563,CASE00452,Keya Iyengar,20,F,0
VIC00564,CASE00453,Nachiket Panchal,21,M,0
VIC00565,CASE00453,Elijah Nath,5,M,0
VIC00566,CASE00454,Harish Ben,35,M,0
VIC00567,CASE00455,Gagan Varty,22,M,0
VIC00568,CASE00456,Joshua Trivedi,59,M,0
VIC00569,CASE00457,Ronith Bhasin,46,M,0
VIC00570,CASE00457,Anita Choudhury,79,F,0
VIC00571,CASE00458,Prisha Varghese,62,F,0
VIC00572,CASE00458,Peter Sastry,40,M,0
VIC00573,CASE00459,Ira Oak,22,F,0
VIC00574,CASE00460,Kalpit Sawhney,70,M,0
VIC00575,CASE00460,Aryan Ghose,40,M,0
VIC00576,CASE00461,Christopher Chandra,59,M,0
VIC00577,CASE00462,Janani Kohli,45,F,0
VIC00578,CASE00463,Dakshesh Bir,21,M,0
VIC00579,CASE00464,Bhavna Dyal,20,F,0
VIC00580,CASE00465,Charvi Shan,59,F,0
VIC00581,CASE00466,Mohammed Venkataraman,5,M,0
VIC00582,CASE00467,Yagnesh Warrior,44,M,0
VIC00583,CASE00468,Yagnesh Basu,80,M,0
VIC00584,CASE00469,Utkarsh Bansal,35,M,0
VIC00585,CASE00470,Andrew Badal,19,M,0
VIC00586,CASE00471,Adweta Chad,13,F,0
VIC00587,CASE00472,Ishaan Parmar,48,M,0
VIC00588,CASE00473,Matthew Deol,31,M,0
VIC00589,CASE00473,Gautam Dani,59,M,0
VIC00590,CASE00474,Lucky Borde,41,M,0
VIC00591,CASE00475,Shaurya Warrior,71,M,0
VIC00592,CASE00476,Pranav Hayer,67,M,0
VIC00593,CASE00476,Nachiket Sankar,33,M,0
VIC00594,CASE00477,Ayaan Mody,61,M,0
VIC00595,CASE00477,Tarak Shanker,42,M,0
VIC00596,CASE00478,Max Sachar,5,M,0
VIC00597,CASE00478,Mason Savant,70,M,0
VIC00598,CASE00479,Nidhi Tank,41,F,0
VIC00599,CASE00480,Daksha Char,13,F,0
VIC00600,CASE00481,Tanmayi Toor,27,F,0
VIC00601,CASE00482,Ekbal Sagar,29,M,0
VIC00602,CASE00483,Hitesh Manne,23,M,0
VIC00603,CASE00484,Shivansh Korpal,16,M,0
VIC00604,CASE00485,Manan Puri,6,M,0
VIC00605,CASE00486,Darsh Sinha,58,M,0
VIC00606,CASE00487,David Wadhwa,31,M,0
VIC00607,CASE00488,Viraj Dhaliwal,73,M,0
VIC00608,CASE00488,Naksh Krishna,65,M,0
VIC00609,CASE00489,Neel Mital,16,M,0
VIC00610,CASE00489,Upkaar Doctor,27,M,0
VIC00611,CASE00490,Zilmil Cheema,66,F,0
VIC00612,CASE00491,Chaitanya Gole,51,M,0
VIC00613,CASE00491,Hemang Bhatti,39,M,0
VIC00614,CASE00492,Anmol Halder,24,M,0
VIC00615,CASE00492,Nidhi Chokshi,9,F,0
VIC00616,CASE00493,Wriddhish Lata,16,M,0
VIC00617,CASE00494,Robert Sibal,75,M,0
VIC00618,CASE00494,Onkar Mody,18,M,0
VIC00619,CASE00495,Finn Pandey,28,M,0
VIC00620,CASE00495,Zehaan Som,20,M,0
VIC00621,CASE00496,Imaran Banik,63,M,0
VIC00622,CASE00496,Timothy Zachariah,30,M,0
VIC00623,CASE00497,Chandani Comar,32,F,0
VIC00624,CASE00497,Yashoda Baral,79,F,0
VIC00625,CASE00498,Omisha Babu,8,F,0
VIC00626,CASE00499,Anmol Kanda,24,M,0
VIC00627,CASE00500,Vihaan Tata,26,M,0
VIC00628,CASE00501,Yash Goswami,46,M,0
VIC00629,CASE00502,Tanay Lanka,35,M,0
VIC00630,CASE00503,Gaurav Sidhu,26,M,0
VIC00631,CASE00504,Atharv Sathe,36,M,0
VIC00632,CASE00505,Hredhaan Arora,44,M,0
VIC00633,CASE00506,Tarak Taneja,67,M,0
VIC00634,CASE00507,Orinder Agarwal,68,M,0
VIC00635,CASE00507,Indrajit Kapur,55,M,0
VIC00636,CASE00508,Fariq Date,7,M,0
VIC00637,CASE00509,Robert Viswanathan,37,M,0
VIC00638,CASE00510,Samaksh Venkatesh,19,M,0
VIC00639,CASE00510,Bachittar Thakkar,62,M,0
VIC00640,CASE00511,Charan Dasgupta,78,M,0
VIC00641,CASE00511,David Kara,13,M,0
VIC00642,CASE00512,Azad Butala,36,M,0
VIC00643,CASE00513,Elijah Parikh,68,M,0
VIC00644,CASE00513,Vivaan Wali,32,M,0
VIC00645,CASE00514,Gaurang Mitter,46,M,0
VIC00646,CASE00514,Yatan Chandra,76,M,0
VIC00647,CASE00515,Nitesh Bath,8,M,0
VIC00648,CASE00516,Zaid Chadha,51,M,0
VIC00649,CASE00517,Teerth Narasimhan,11,M,0
VIC00650,CASE00517,Nakul Goel,27,M,0
VIC00651,CASE00518,Dhriti Dhillon,38,F,0
VIC00652,CASE00519,Wyatt Nagarajan,64,M,0
VIC00653,CASE00519,Lucky Mohan,69,M,0
VIC00654,CASE00520,Ishwar Rai,31,M,0
VIC00655,CASE00520,Balendra Garg,52,M,0
VIC00656,CASE00521,Shaurya Hora,73,M,0
VIC00657,CASE00522,Daksha Deshmukh,10,F,0
VIC00658,CASE00522,Ekapad Viswanathan,40,M,0
VIC00659,CASE00523,Abeer Kakar,54,M,0
VIC00660,CASE00524,Dipta Cherian,78,F,0
VIC00661,CASE00525,Praneel Karan,13,M,0
VIC00662,CASE00526,Chasmum Setty,25,F,0
VIC00663,CASE00527,Ekta Saran,78,F,0
VIC00664,CASE00528,Rudra Dash,24,M,0
VIC00665,CASE00529,Balveer Kapadia,80,M,0
VIC00666,CASE00530,Ranveer Natarajan,16,M,0
VIC00667,CASE00531,Hitesh Pandya,40,M,0
VIC00668,CASE00532,Ekavir Anand,30,M,0
VIC00669,CASE00533,Advaith Koshy,65,M,0
VIC00670,CASE00534,Ekavir Varma,80,M,0
VIC00671,CASE00535,Benjamin Sarna,19,M,0
VIC00672,CASE00535,Charles Ganguly,11,M,0
VIC00673,CASE00536,Balvan Hora,19,M,0
VIC00674,CASE00537,Wazir Tella,63,M,0
VIC00675,CASE00538,Timothy Banerjee,22,M,0
VIC00676,CASE00538,Daksh Sha,16,M,0
VIC00677,CASE00539,Ishaan Ramanathan,56,M,0
VIC00678,CASE00540,Anmol Nagy,28,M,0
VIC00679,CASE00541,Charan Balasubramanian,9,M,0
VIC00680,CASE00542,Victor Bhardwaj,48,M,0
VIC00681,CASE00542,Lucky Nagar,72,M,0
VIC00682,CASE00543,Ladli Kapoor,30,F,0
VIC00683,CASE00543,Gaurangi Modi,32,F,0
VIC00684,CASE00544,Dev Pathak,29,M,0
VIC00685,CASE00545,Azaan Magar,31,M,0
VIC00686,CASE00545,Yagnesh Solanki,27,M,0
VIC00687,CASE00546,Gavin Dewan,43,M,0
VIC00688,CASE00546,Vedant Sarin,18,M,0
VIC00689,CASE00547,Chandran Hegde,41,M,0
VIC00690,CASE00548,Nihal Gera,41,M,0
VIC00691,CASE00549,Janya Mutti,55,F,0
VIC00692,CASE00550,Pavani Madan,6,F,0
VIC00693,CASE00551,Ekanta Sandal,24,F,0
VIC00694,CASE00552,Quincy Bhardwaj,7,M,0
VIC00695,CASE00553,Chaitanya Sarin,51,M,0
VIC00696,CASE00554,Dev Dayal,13,M,0
VIC00697,CASE00555,Divya Som,32,F,0
VIC00698,CASE00556,Manthan Buch,79,M,0
VIC00699,CASE00557,Ira Narayan,17,F,0
VIC00700,CASE00557,Frederick Yohannan,63,M,0
VIC00701,CASE00558,Wriddhish Narang,29,M,0
VIC00702,CASE00559,Anita Buch,75,F,0
VIC00703,CASE00559,Dhruv Buch,51,M,0
VIC00704,CASE00560,Harsh Kohli,21,M,0
VIC00705,CASE00560,Vedant Krish,8,M,0
VIC00706,CASE00561,Gaurangi Pandya,24,F,0
VIC00707,CASE00562,Timothy Thakur,66,M,0
VIC00708,CASE00563,Nicholas Roy,51,M,0
VIC00709,CASE00564,Jack Sood,76,M,0
VIC00710,CASE00565,Pranit Bajwa,26,M,0
VIC00711,CASE00565,Harish Gandhi,12,M,0
VIC00712,CASE00566,Anthony Dewan,15,M,0
VIC00713,CASE00566,Yash Chander,80,M,0
VIC00714,CASE00567,Veer Zacharia,21,M,0
VIC00715,CASE00568,Rajeshri Datta,72,F,0
VIC00716,CASE00569,Abhiram Jaggi,38,M,0
VIC00717,CASE00570,Chandani Menon,5,F,0
VIC00718,CASE00571,Girik Rege,41,M,0
VIC00719,CASE00572,Gaurang Deep,20,M,0
VIC00720,CASE00573,Joshua Khatri,56,M,0
VIC00721,CASE00574,Harrison Narayan,62,M,0
VIC00722,CASE00574,Jack Ramaswamy,44,M,0
VIC00723,CASE00575,Harshil Sethi,80,M,0
VIC00724,CASE00576,Avi Nadkarni,59,M,0
VIC00725,CASE00577,Mitali Brahmbhatt,37,F,0
VIC00726,CASE00578,Yashoda Choudhary,22,F,0
VIC00727,CASE00578,Manya Golla,37,F,0
VIC00728,CASE00579,Karan Iyer,19,M,0
VIC00729,CASE00579,Krish Badami,12,M,0
VIC00730,CASE00580,Ekantika Sinha,70,F,0
VIC00731,CASE00581,Aryan Sarkar,8,M,0
VIC00732,CASE00582,Brijesh Thaker,17,M,0
VIC00733,CASE00582,Nihal Yadav,40,M,0
VIC00734,CASE00583,Onveer Bhatia,59,M,0
VIC00735,CASE00584,Ojas Om,71,M,0
VIC00736,CASE00585,Dayamai Ganesan,51,F,0
VIC00737,CASE00586,Advik Shenoy,80,M,0
VIC00738,CASE00586,Shivansh Dhaliwal,18,M,0
VIC00739,CASE00587,Ayushman Mammen,64,M,0
VIC00740,CASE00588,Onveer Baria,10,M,0
VIC00741,CASE00589,Rushil Madan,36,M,0
VIC00742,CASE00589,Warjas Hora,34,M,0
VIC00743,CASE00590,Darsh Nayar,11,M,0
VIC00744,CASE00591,Gabriel Sandal,72,M,0
VIC00745,CASE00592,Fiyaz Ratti,30,M,0
VIC00746,CASE00593,Rohan Sood,30,M,0
VIC00747,CASE00593,Victor Dave,77,M,0
VIC00748,CASE00594,Ansh Kunda,73,M,0
VIC00749,CASE00594,Meera Arora,50,F,0
VIC00750,CASE00595,Jeet Wable,59,M,0
VIC00751,CASE00595,Lucky Barad,68,M,0
VIC00752,CASE00596,Dakshesh Vohra,76,M,0
VIC00753,CASE00597,Vincent Dass,30,M,0
VIC00754,CASE00598,Neel Joshi,61,M,0
VIC00755,CASE00598,Chakrika Kaur,60,F,0
VIC00756,CASE00599,Mitesh Hans,24,M,0
VIC00757,CASE00599,Frederick Wable,79,M,0
VIC00758,CASE00600,Ekavir Buch,22,M,0
VIC00759,CASE00601,Praneel Ratta,12,M,0
VIC00760,CASE00601,Leena Natarajan,56,F,0
VIC00761,CASE00602,Arjun Sachar,44,M,0
VIC00762,CASE00602,Ishita Kalla,80,F,0
VIC00763,CASE00603,Faris Sawhney,19,M,0
VIC00764,CASE00604,Dakshesh Vaidya,67,M,0
VIC00765,CASE00605,Vedant Vyas,37,M,0
VIC00766,CASE00605,Advik Sarna,38,M,0
VIC00767,CASE00606,Kai Vig,75,M,0
VIC00768,CASE00607,Watika Sehgal,77,F,0
VIC00769,CASE00608,Gagan Dubey,45,M,0
VIC00770,CASE00609,Jack Agarwal,13,M,0
VIC00771,CASE00610,Anika Garg,10,F,0
VIC00772,CASE00611,Omkaar Lalla,69,M,0
VIC00773,CASE00612,Varenya Dalal,43,F,0
VIC00774,CASE00613,Nidra Mander,55,F,0
VIC00775,CASE00613,Idika Nagar,72,F,0
VIC00776,CASE00614,Aarnav Saran,13,M,0
VIC00777,CASE00614,Yatin Kapadia,80,M,0
VIC00778,CASE00615,Harrison Datta,58,M,0
VIC00779,CASE00615,Ikbal Thakkar,76,M,0
VIC00780,CASE00616,Abhimanyu Saraf,53,M,0
VIC00781,CASE00617,Devansh Ganesh,67,M,0
VIC00782,CASE00618,Watika Randhawa,67,F,0
VIC00783,CASE00619,Avi Basak,36,M,0
VIC00784,CASE00619,Ishwar Gala,27,M,0
VIC00785,CASE00620,Darsh Loke,31,M,0
VIC00786,CASE00621,Indrajit Grewal,19,M,0
VIC00787,CASE00622,Vrishti Menon,13,F,0
VIC00788,CASE00622,Charles Malhotra,38,M,0
VIC00789,CASE00623,Chameli Randhawa,22,F,0
VIC00790,CASE00624,Om Saran,11,M,0
VIC00791,CASE00625,Pooja Varkey,74,F,0
VIC00792,CASE00625,Vaishnavi Deshmukh,18,F,0
VIC00793,CASE00626,Zayan Apte,25,M,0
VIC00794,CASE00627,Samesh Sule,38,M,0
VIC00795,CASE00628,Oni Sha,74,F,0
VIC00796,CASE00629,Vedant Lanka,78,M,0
VIC00797,CASE00630,Idika Bora,19,F,0
VIC00798,CASE00630,Saksham Mandal,61,M,0
VIC00799,CASE00631,Qasim Chopra,73,M,0
VIC00800,CASE00632,Urvi Chahal,70,F,0
VIC00801,CASE00633,Vasana Patla,14,F,0
VIC00802,CASE00634,Sai Chokshi,43,F,0
VIC00803,CASE00634,Noah Dayal,25,M,0
VIC00804,CASE00635,Quincy Memon,50,M,0
VIC00805,CASE00636,Zayan Kaur,61,M,0
VIC00806,CASE00637,Warjas Mammen,6,M,0
VIC00807,CASE00638,Wriddhish Walla,8,M,0
VIC00808,CASE00639,Aarush Sridhar,58,M,0
VIC00809,CASE00640,Advik Jaggi,16,M,0
VIC00810,CASE00640,Bhavani Mohanty,28,F,0
VIC00811,CASE00641,Pranit Shan,15,M,0
VIC00812,CASE00642,Dhruv Balay,16,M,0
VIC00813,CASE00643,Janya Kibe,70,F,0
VIC00814,CASE00644,Mitesh Rao,80,M,0
VIC00815,CASE00644,Umang Dalal,26,M,0
VIC00816,CASE00645,Veer Dyal,69,M,0
VIC00817,CASE00645,Hritik Lall,55,M,0
VIC00818,CASE00646,Luke Parikh,11,M,0
VIC00819,CASE00646,Rudra Kothari,80,M,0
VIC00820,CASE00647,Alexander Sur,20,M,0
VIC00821,CASE00648,Nisha Sachar,16,F,0
VIC00822,CASE00649,Pranav Borde,59,M,0
VIC00823,CASE00649,Max Panchal,75,M,0
VIC00824,CASE00650,Balveer Bhattacharyya,41,M,0
VIC00825,CASE00651,Zashil Deo,53,M,0
VIC00826,CASE00652,Maanav Goda,63,M,0
VIC00827,CASE00653,Rachit Saini,10,M,0
VIC00828,CASE00653,Chasmum Bhasin,58,F,0
VIC00829,CASE00654,Yachana Chander,53,F,0
VIC00830,CASE00655,Mitesh Setty,38,M,0
VIC00831,CASE00655,Divya Mohan,59,F,0
VIC00832,CASE00656,Parth Chatterjee,70,M,0
VIC00833,CASE00657,Oliver Krish,61,M,0
VIC00834,CASE00658,Parth Warrior,48,M,0
VIC00835,CASE00659,Girik Tailor,25,M,0
VIC00836,CASE00660,Ayushman Varkey,36,M,0
VIC00837,CASE00661,Laksh Narasimhan,74,M,0
VIC00838,CASE00661,Harrison Bera,69,M,0
VIC00839,CASE00662,Krish Malhotra,56,M,0
VIC00840,CASE00663,Krish Balay,60,M,0
VIC00841,CASE00664,Jagvi Kamdar,55,F,0
VIC00842,CASE00665,Luke Boase,72,M,0
VIC00843,CASE00665,Azad Sehgal,78,M,0
VIC00844,CASE00666,Jatin Singh,13,M,0
VIC00845,CASE00667,Pranit Mallick,32,M,0
VIC00846,CASE00668,Onkar Vig,36,M,0
VIC00847,CASE00669,Wyatt Gala,25,M,0
VIC00848,CASE00670,Darpan Sidhu,18,M,0
VIC00849,CASE00671,Lucky Tandon,57,M,0
VIC00850,CASE00672,Darsh Agarwal,36,M,0
VIC00851,CASE00673,Upma Warrior,46,F,0
VIC00852,CASE00674,Anirudh Anne,7,M,0
VIC00853,CASE00675,Ekapad Sawhney,40,M,0
VIC00854,CASE00676,Max Chakrabarti,38,M,0
VIC00855,CASE00677,Ishaan Hegde,59,M,0
VIC00856,CASE00678,Timothy Biswas,29,M,0
VIC00857,CASE00679,Gagan Patel,77,M,0
VIC00858,CASE00680,Tarak Johal,13,M,0
VIC00859,CASE00680,Banjeet Patil,66,M,0
VIC00860,CASE00681,Benjamin Kala,21,M,0
VIC00861,CASE00682,Parth Badami,78,M,0
VIC00862,CASE00683,Frederick Lalla,5,M,0
VIC00863,CASE00684,Ayaan Nagy,75,M,0
VIC00864,CASE00684,Kabir Divan,39,M,0
VIC00865,CASE00685,Anthony Tank,57,M,0
VIC00866,CASE00686,Ojasvi Kaul,46,F,0
VIC00867,CASE00687,Chaaya Kamdar,53,F,0
VIC00868,CASE00688,Harrison Narayanan,73,M,0
VIC00869,CASE00689,Advik Oza,79,M,0
VIC00870,CASE00690,Gavin Narayanan,75,M,0
VIC00871,CASE00690,Tanay Kara,69,M,0
VIC00872,CASE00691,Benjamin Krishnan,16,M,0
VIC00873,CASE00691,Jonathan Wadhwa,80,M,0
VIC00874,CASE00692,Devika Sahota,11,F,0
VIC00875,CASE00693,Abeer Konda,22,M,0
VIC00876,CASE00694,Manan Sengupta,66,M,0
VIC00877,CASE00695,Vedant Som,53,M,0
VIC00878,CASE00696,Ojas Narain,14,M,0
VIC00879,CASE00697,Ethan Narasimhan,12,M,0
VIC00880,CASE00697,Sai Ramesh,73,M,0
VIC00881,CASE00698,Ranbir Ahluwalia,45,M,0
VIC00882,CASE00698,Rehaan Shetty,21,M,0
VIC00883,CASE00699,Qarin Choudhary,38,M,0
VIC00884,CASE00700,Thomas Rai,12,M,0
VIC00885,CASE00701,Jeet Ramaswamy,11,M,0
VIC00886,CASE00701,Vedant Konda,78,M,0
VIC00887,CASE00702,Indali Mani,43,F,0
VIC00888,CASE00703,Harshil Manda,42,M,0
VIC00889,CASE00704,Aarini Mander,40,T,0
VIC00890,CASE00704,Rachana Mani,76,F,0
VIC00891,CASE00705,Atharv Lalla,57,M,0
VIC00892,CASE00705,Yug Ahuja,60,M,0
VIC00893,CASE00706,Kevin Rout,44,M,0
VIC00894,CASE00707,Aayush Cheema,51,M,0
VIC00895,CASE00708,William Nadkarni,48,M,0
VIC00896,CASE00708,Hritik Murthy,8,M,0
VIC00897,CASE00709,Vyanjana Deo,44,F,0
VIC00898,CASE00709,Laksh Sama,33,M,0
VIC00899,CASE00710,Ganga Misra,8,F,0
VIC00900,CASE00711,Karan Magar,52,M,0
VIC00901,CASE00711,Raghav Thaman,56,M,0
VIC00902,CASE00712,Xalak Venkataraman,28,F,0
VIC00903,CASE00712,Udant Mishra,48,M,0
VIC00904,CASE00713,Ekbal Acharya,55,M,0
VIC00905,CASE00714,Krish Sunder,49,M,0
VIC00906,CASE00715,Suhani Zachariah,6,F,0
VIC00907,CASE00716,Tanay Narang,28,M,0
VIC00908,CASE00716,Farhan Khosla,24,M,0
VIC00909,CASE00717,Jacob Dutta,62,M,0
VIC00910,CASE00718,Odika Yogi,66,F,0
VIC00911,CASE00718,Praneel Dua,65,M,0
VIC00912,CASE00719,Siddharth Sandal,45,M,0
VIC00913,CASE00720,Samar Jain,18,M,0
VIC00914,CASE00721,Yug Bahl,17,M,0
VIC00915,CASE00722,Gabriel Jayaraman,69,M,0
VIC00916,CASE00723,Naveen Chacko,71,M,0
VIC00917,CASE00724,Gaurangi Sen,5,T,0
VIC00918,CASE00724,Dakshesh Sant,73,M,0
VIC00919,CASE00725,Gabriel Buch,80,M,0
VIC00920,CASE00726,David Chauhan,68,M,0
VIC00921,CASE00726,Saumya Date,21,T,0
VIC00922,CASE00727,Mekhala Srivastava,27,F,0
VIC00923,CASE00728,Simon Halder,6,M,0
VIC00924,CASE00729,Indrajit Dyal,57,M,0
VIC00925,CASE00730,Netra Chandra,59,F,0
VIC00926,CASE00731,Ekavir Sunder,19,M,0
VIC00927,CASE00732,Aarnav Bhardwaj,72,M,0
VIC00928,CASE00733,Onveer Date,66,M,0
VIC00929,CASE00734,Brijesh Kala,49,M,0
VIC00930,CASE00735,Diya Brahmbhatt,73,F,0
VIC00931,CASE00735,Wyatt Devan,75,M,0
VIC00932,CASE00736,Nisha Cheema,26,F,0
VIC00933,CASE00737,Suhani Palla,70,F,0
VIC00934,CASE00738,William Dube,20,M,0
VIC00935,CASE00739,Jackson Saha,37,M,0
VIC00936,CASE00740,Lajita Din,39,F,0
VIC00937,CASE00741,George Mangal,59,M,0
VIC00938,CASE00742,Naksh Mannan,52,M,0
VIC00939,CASE00743,Ryan Bedi,48,M,0
VIC00940,CASE00744,Ladli Doshi,14,F,0
VIC00941,CASE00745,Tarak Sem,29,M,0
VIC00942,CASE00746,Eiravati Chokshi,62,F,0
VIC00943,CASE00747,Wyatt Jani,67,M,0
VIC00944,CASE00748,Qasim Munshi,55,M,0
VIC00945,CASE00749,Fitan Roy,42,M,0
VIC00946,CASE00750,Samesh Tella,8,M,0
VIC00947,CASE00751,Amruta Sule,76,F,0
VIC00948,CASE00752,Balvan Sachdeva,14,M,0
VIC00949,CASE00752,Vrishti Shroff,50,F,0
VIC00950,CASE00753,Baljiwan Sarraf,12,M,0
VIC00951,CASE00754,Yash Kurian,54,M,0
VIC00952,CASE00755,Vyanjana Cheema,37,F,0
VIC00953,CASE00756,Bakhshi Dyal,29,M,0
VIC00954,CASE00757,Indrajit Mallick,34,M,0
VIC00955,CASE00758,Nachiket Issac,69,M,0
VIC00956,CASE00759,Anay Balan,34,M,0
VIC00957,CASE00760,Netra Nair,44,F,0
VIC00958,CASE00761,Bachittar Murty,18,M,0
VIC00959,CASE00762,Darsh Bhasin,55,M,0
VIC00960,CASE00763,Ayush Singhal,41,M,0
VIC00961,CASE00763,Ayush Raj,13,M,0
VIC00962,CASE00764,Zaid Bhasin,27,M,0
VIC00963,CASE00764,Oscar Pingle,37,M,0
VIC00964,CASE00765,Qasim Om,59,M,0
VIC00965,CASE00766,Amrita Vaidya,31,F,0
VIC00966,CASE00767,Chatura Jayaraman,65,M,0
VIC00967,CASE00768,Patrick Mistry,75,M,0
VIC00968,CASE00769,Anmol Bhattacharyya,46,M,0
VIC00969,CASE00770,Udant Sandal,20,M,0
VIC00970,CASE00771,Lohit Jha,69,M,0
VIC00971,CASE00772,Anjali Sinha,54,F,0
VIC00972,CASE00773,Nikita Loyal,72,F,0
VIC00973,CASE00773,Maanas Dhawan,24,M,0
VIC00974,CASE00774,Fiyaz Chatterjee,45,M,0
VIC00975,CASE00775,Dhruv Soman,22,M,0
VIC00976,CASE00775,Bishakha Dua,18,F,0
VIC00977,CASE00776,Eshana Brahmbhatt,22,F,0
VIC00978,CASE00777,Michael Muni,9,M,0
VIC00979,CASE00778,Ria Parmar,74,F,0
VIC00980,CASE00779,Qarin Borra,27,M,0
VIC00981,CASE00779,Maanas Bir,31,M,0
VIC00982,CASE00780,Abhimanyu Gupta,25,M,0
VIC00983,CASE00781,Umang Dara,18,M,0
VIC00984,CASE00782,Avni Anne,75,F,0
VIC00985,CASE00783,Dhruv Gopal,25,M,0
VIC00986,CASE00783,Deepa Sankaran,77,F,0
VIC00987,CASE00784,Charvi Dora,71,F,0
VIC00988,CASE00785,Rachit Modi,76,M,0
VIC00989,CASE00786,Anay Chowdhury,20,M,0
VIC00990,CASE00787,Vasana Gour,6,F,0
VIC00991,CASE00788,Ekalinga Nadkarni,5,M,0
VIC00992,CASE00789,Nicholas Sanghvi,71,M,0
VIC00993,CASE00790,Gopal Gandhi,53,M,0
VIC00994,CASE00790,Jatin Goyal,8,M,0
VIC00995,CASE00791,Indrajit Datta,20,M,0
VIC00996,CASE00791,Noah Shankar,15,M,0
VIC00997,CASE00792,Farhan Saraf,54,M,0
VIC00998,CASE00793,Reyansh Kalita,35,M,0
VIC00999,CASE00794,Madhavi Boase,36,F,0
VIC01000,CASE00795,Hardik Arora,11,M,0
VIC01001,CASE00796,Oliver Sen,75,M,0
VIC01002,CASE00796,Hritik Natt,29,M,0
VIC01003,CASE00797,Upkaar Ramanathan,80,M,0
VIC01004,CASE00798,Wakeeta Wable,17,F,0
VIC01005,CASE00799,Dalbir Kalita,7,M,0
VIC01006,CASE00800,Harini Grewal,56,F,0
VIC01007,CASE00800,Yashica Uppal,5,F,0
VIC01008,CASE00801,Siya Lal,40,F,0
VIC01009,CASE00802,Amaira Kota,80,F,0
VIC01010,CASE00803,Ranbir Sundaram,14,M,0
VIC01011,CASE00803,Gaurang Buch,10,M,0
VIC01012,CASE00804,Dhruv Balan,54,M,0
VIC01013,CASE00804,Zayan Sagar,16,M,0
VIC01014,CASE00805,Tejas Bhatnagar,55,M,0
VIC01015,CASE00806,Jatin Deep,16,M,0
VIC01016,CASE00807,Wridesh Dash,33,M,0
VIC01017,CASE00808,Nakul Kohli,62,M,0
VIC01018,CASE00809,Benjamin Bandi,80,M,0
VIC01019,CASE00810,Chandran Gade,65,M,0
VIC01020,CASE00811,Gopal Garg,6,M,0
VIC01021,CASE00812,Yug Guha,29,M,0
VIC01022,CASE00813,Samuel Baral,30,M,0
VIC01023,CASE00813,Shivansh Nadkarni,23,M,0
VIC01024,CASE00814,Laksh Kala,77,M,0
VIC01025,CASE00814,Harshil Bath,56,M,0
VIC01026,CASE00815,Ekapad Kara,63,M,0
VIC01027,CASE00816,Nathaniel Dixit,74,M,0
VIC01028,CASE00817,Sathvik Sidhu,71,M,0
VIC01029,CASE00817,Zinal Viswanathan,77,F,0
VIC01030,CASE00818,Samar Parikh,67,M,0
VIC01031,CASE00819,Vivaan Bhatt,52,M,0
VIC01032,CASE00820,Anmol Mody,63,M,0
VIC01033,CASE00820,Tara Goel,77,F,0
VIC01034,CASE00821,Brinda Nanda,7,F,0
VIC01035,CASE00821,Pranit Nazareth,35,M,0
VIC01036,CASE00822,Chatresh Kothari,16,M,0
VIC01037,CASE00823,Gabriel Bhattacharyya,50,M,0
VIC01038,CASE00824,Gaurangi Borde,71,F,0
VIC01039,CASE00824,Nathaniel Ravi,28,M,0
VIC01040,CASE00825,Kabir Palla,15,M,0
VIC01041,CASE00825,Oscar Rout,5,M,0
VIC01042,CASE00826,Leela Chahal,14,F,0
VIC01043,CASE00827,Aarush Divan,70,M,0
VIC01044,CASE00827,Maanav Dubey,20,M,0
VIC01045,CASE00828,Arjun Jha,42,M,0
VIC01046,CASE00828,Zaid Vyas,22,M,0
VIC01047,CASE00829,Yash Gokhale,28,M,0
VIC01048,CASE00829,Eiravati Khanna,17,F,0
VIC01049,CASE00830,Aarav Thaman,80,M,0
VIC01050,CASE00831,Waida Ramesh,60,F,0
VIC01051,CASE00831,Akshay Swaminathan,25,M,0
VIC01052,CASE00832,Chaitanya Barad,66,M,0
VIC01053,CASE00833,Hitesh Nagi,14,M,0
VIC01054,CASE00834,Yash Hayer,38,M,0
VIC01055,CASE00834,Saksham Sood,51,M,0
VIC01056,CASE00835,Veda Raval,18,F,0
VIC01057,CASE00836,Harshil Savant,52,M,0
VIC01058,CASE00837,Mekhala Sem,10,F,0
VIC01059,CASE00837,Nathan Nagi,69,M,0
VIC01060,CASE00838,Tejas Krishna,78,M,0
VIC01061,CASE00839,Yuvraj Mutti,51,M,0
VIC01062,CASE00840,Diya Ghose,78,F,0
VIC01063,CASE00840,Raghav Radhakrishnan,11,M,0
VIC01064,CASE00841,Yash Joshi,33,M,0
VIC01065,CASE00842,Wridesh Ranganathan,11,M,0
VIC01066,CASE00843,Jagat Kumar,22,M,0
VIC01067,CASE00843,Owen Devi,65,M,0
VIC01068,CASE00844,Darsh Sachar,76,M,0
VIC01069,CASE00845,Ridhi Mane,40,F,0
VIC01070,CASE00846,Aarnav Amble,67,M,0
VIC01071,CASE00847,Tejas Kala,38,M,0
VIC01072,CASE00848,Naveen Morar,22,M,0
VIC01073,CASE00848,Netra Dewan,14,T,0
VIC01074,CASE00849,Tara Khosla,74,F,0
VIC01075,CASE00849,Varsha Lad,52,F,0
VIC01076,CASE00850,Wriddhish Ahluwalia,12,M,0
VIC01077,CASE00851,Yashvi Gupta,12,F,0
VIC01078,CASE00852,Warinder Bahri,52,M,0
VIC01079,CASE00853,Akshay Nanda,64,M,0
VIC01080,CASE00854,Krisha Contractor,16,F,0
VIC01081,CASE00855,Laksh Buch,15,M,0
VIC01082,CASE00856,Girik Chanda,34,M,0
VIC01083,CASE00857,Pranit Gokhale,77,M,0
VIC01084,CASE00857,Orinder Kohli,10,M,0
VIC01085,CASE00858,Guneet Lala,60,M,0
VIC01086,CASE00859,Ishwar Ramaswamy,5,M,0
VIC01087,CASE00860,George Pillai,16,M,0
VIC01088,CASE00860,Warhi Bhandari,78,F,0
VIC01089,CASE00861,Bachittar Vaidya,46,M,0
VIC01090,CASE00862,Agastya Dash,23,M,0
VIC01091,CASE00863,Bakhshi Iyer,76,M,0
VIC01092,CASE00863,Chandresh Naik,57,M,0
VIC01093,CASE00864,Peter Sood,37,M,0
VIC01094,CASE00865,Dipta Basak,19,F,0
VIC01095,CASE00866,Odika Mani,16,F,0
VIC01096,CASE00866,Alka Krishna,70,F,0
VIC01097,CASE00867,Urvi Chad,30,F,0
VIC01098,CASE00868,Vyanjana Madan,15,F,0
VIC01099,CASE00869,Panini Ramesh,14,F,0
VIC01100,CASE00870,William Sur,10,M,0
VIC01101,CASE00871,Quincy Kant,76,M,0
VIC01102,CASE00872,Gabriel Kapadia,28,M,0
VIC01103,CASE00872,Charles Sani,42,M,0
VIC01104,CASE00873,Anika Bose,51,F,0
VIC01105,CASE00874,Madhav Issac,35,M,0
VIC01106,CASE00874,Om Mitra,24,M,0
VIC01107,CASE00875,Faqid Menon,56,M,0
VIC01108,CASE00875,Daksha Gandhi,74,F,0
VIC01109,CASE00876,Faqid Chakrabarti,59,M,0
VIC01110,CASE00876,Pranit Keer,80,M,0
VIC01111,CASE00877,Zaitra Bahl,37,F,0
VIC01112,CASE00878,Ikshita Bhargava,69,F,0
VIC01113,CASE00879,Ekaraj Minhas,27,M,0
VIC01114,CASE00880,Ubika Dhar,53,F,0
VIC01115,CASE00881,Zayan Bora,22,M,0
VIC01116,CASE00882,Rohan Srivastava,11,M,0
VIC01117,CASE00883,Geetika Mangal,40,F,0
VIC01118,CASE00883,Raghav Pillay,55,M,0
VIC01119,CASE00884,Warinder Oommen,47,M,0
VIC01120,CASE00885,Nathaniel Kamdar,55,M,0
VIC01121,CASE00886,Karan Keer,28,M,0
VIC01122,CASE00887,Aarnav Venkataraman,74,M,0
VIC01123,CASE00888,Falak Bassi,46,F,0
VIC01124,CASE00889,Karan Muni,44,M,0
VIC01125,CASE00890,Rushil Basu,18,M,0
VIC01126,CASE00891,Ayushman Devan,15,M,0
VIC01127,CASE00892,Abeer Mistry,69,M,0
VIC01128,CASE00893,Akshay Sethi,7,M,0
VIC01129,CASE00893,Teerth Dhaliwal,42,M,0
VIC01130,CASE00894,Ekavir Chander,11,M,0
VIC01131,CASE00894,Rehaan Dhar,27,M,0
VIC01132,CASE00895,Orinder Chakraborty,56,M,0
VIC01133,CASE00896,Ubika Pall,45,F,0
VIC01134,CASE00897,Jackson Rana,15,M,0
VIC01135,CASE00898,Shivani Bora,15,T,0
VIC01136,CASE00899,Ryan Upadhyay,45,M,0
VIC01137,CASE00900,Nisha Manda,12,F,0
VIC01138,CASE00901,Jai Prasad,58,M,0
VIC01139,CASE00902,Karan Peri,19,M,0
VIC01140,CASE00903,Mohammed Grover,28,M,0
VIC01141,CASE00904,Idika Pillai,80,F,0
VIC01142,CASE00905,Samar Ganesan,48,M,0
VIC01143,CASE00906,Harish Mitter,10,M,0
VIC01144,CASE00907,Harrison Dani,61,M,0
VIC01145,CASE00907,Alexander Parekh,21,M,0
VIC01146,CASE00908,Tanish Venkataraman,11,M,0
VIC01147,CASE00908,Turvi Aurora,80,F,0
VIC01148,CASE00909,Praneel Mahajan,34,M,0
VIC01149,CASE00910,Nitesh Modi,55,M,0
VIC01150,CASE00911,Ira Seth,32,F,0
VIC01151,CASE00912,Faraj Buch,6,M,0
VIC01152,CASE00913,Gabriel Sibal,79,M,0
VIC01153,CASE00914,Fiyaz Choudhary,49,M,0
VIC01154,CASE00915,Radha Sachdeva,32,F,0
VIC01155,CASE00916,Ojas Chaudhari,41,M,0
VIC01156,CASE00916,Andrew Sani,74,M,0
VIC01157,CASE00917,Ranbir Balay,17,M,0
VIC01158,CASE00918,Vasudha Shah,48,T,0
VIC01159,CASE00919,Libni Saran,50,F,0
VIC01160,CASE00920,Rishi Murty,36,M,0
VIC01161,CASE00921,Omkaar Jaggi,48,M,0
VIC01162,CASE00922,Azaan Sami,54,M,0
VIC01163,CASE00923,Pranit Lad,57,M,0
VIC01164,CASE00924,Daksh Sagar,78,M,0
VIC01165,CASE00924,Simon Malhotra,7,M,0
VIC01166,CASE00925,Madhav Thakkar,75,M,0
VIC01167,CASE00925,Chandresh Bajaj,74,M,0
VIC01168,CASE00926,Christopher Korpal,66,M,0
VIC01169,CASE00926,Imaran Chahal,35,M,0
VIC01170,CASE00927,Pranav Dhingra,21,M,0
VIC01171,CASE00927,Anay Wason,32,M,0
VIC01172,CASE00928,Chatresh Hari,41,M,0
VIC01173,CASE00929,Fariq Nanda,52,M,0
VIC01174,CASE00930,Fariq Nigam,55,M,0
VIC01175,CASE00931,Madhav Nagar,25,M,0
VIC01176,CASE00931,Darpan Taneja,6,M,0
VIC01177,CASE00932,Aarav Luthra,49,M,0
VIC01178,CASE00933,Jack Bal,32,M,0
VIC01179,CASE00934,Zaid Hayer,21,M,0
VIC01180,CASE00934,Omisha Salvi,28,F,0
VIC01181,CASE00935,Rehaan Ray,73,M,0
VIC01182,CASE00936,Champak Magar,12,M,0
VIC01183,CASE00937,Faqid Mallick,78,M,0
VIC01184,CASE00938,Fitan Nagarajan,33,M,0
VIC01185,CASE00939,Shivansh Garg,17,M,0
VIC01186,CASE00940,Tejas Bajwa,9,M,0
VIC01187,CASE00941,Vedant Narayanan,58,M,0
VIC01188,CASE00942,Saksham Kuruvilla,5,M,0
VIC01189,CASE00943,Jason Trivedi,36,M,0
VIC01190,CASE00943,Aayush Pradhan,19,M,0
VIC01191,CASE00944,Jason Nigam,61,M,0
VIC01192,CASE00945,Reva Baria,5,F,0
VIC01193,CASE00946,Nandini Goyal,47,F,0
VIC01194,CASE00947,Mohammed Srinivasan,77,M,0
VIC01195,CASE00947,Ayushman Johal,74,M,0
VIC01196,CASE00948,Siddharth Sandhu,77,M,0
VIC01197,CASE00948,Jhalak Bhattacharyya,16,F,0
VIC01198,CASE00949,Dalbir Golla,80,M,0
VIC01199,CASE00950,Gaurav Mody,55,M,0
VIC01200,CASE00950,Anmol Raghavan,35,M,0
VIC01201,CASE00951,Rohan Gupta,27,M,0
VIC01202,CASE00951,Janani Nagi,23,F,0
VIC01203,CASE00952,Bahadurjit Ravi,71,M,0
VIC01204,CASE00952,Atharv Borah,37,M,0
VIC01205,CASE00953,Janaki Shukla,8,F,0
VIC01206,CASE00953,Falan Bhatia,21,M,0
VIC01207,CASE00954,Pushti Dada,19,F,0
VIC01208,CASE00955,Vrishti Chand,25,F,0
VIC01209,CASE00956,Dakshesh Verma,75,M,0
VIC01210,CASE00957,Rishi Kapadia,60,M,0
VIC01211,CASE00958,Elijah Dewan,26,M,0
VIC01212,CASE00959,Qabil Ganesh,72,M,0
VIC01213,CASE00960,Dakshesh Kashyap,67,M,0
VIC01214,CASE00961,Advik Chahal,77,M,0
VIC01215,CASE00962,Ayush Tella,19,M,0
VIC01216,CASE00963,Jai Khalsa,52,M,0
VIC01217,CASE00963,Anirudh Andra,75,M,0
VIC01218,CASE00964,Neel Malhotra,45,M,0
VIC01219,CASE00965,Tanish Khare,65,M,0
VIC01220,CASE00965,Samesh Gokhale,17,M,0
VIC01221,CASE00966,Advik Ram,10,M,0
VIC01222,CASE00966,Vivaan Badami,48,M,0
VIC01223,CASE00967,Darpan Wali,32,M,0
VIC01224,CASE00968,Advaith Johal,53,M,0
VIC01225,CASE00969,Samuel Vaidya,79,M,0
VIC01226,CASE00970,Forum Roy,70,F,0
VIC01227,CASE00970,Manbir Madan,44,M,0
VIC01228,CASE00971,Lakshit Naidu,70,M,0
VIC01229,CASE00972,Abdul Pai,66,M,0
VIC01230,CASE00973,Ekansh Gill,27,M,0
VIC01231,CASE00974,Tejas Sarma,73,M,0
VIC01232,CASE00975,Advay Hayer,34,M,0
VIC01233,CASE00976,Ekbal Sastry,24,M,0
VIC01234,CASE00977,Sarthak Jaggi,40,M,0
VIC01235,CASE00978,Gaurang Srivastava,40,M,0
VIC01236,CASE00979,Gaurav Mittal,72,M,0
VIC01237,CASE00980,Mason Barman,51,M,0
VIC01238,CASE00981,Gautam Raja,21,M,0
VIC01239,CASE00982,Rushil Sandal,31,M,0
VIC01240,CASE00983,Aarush Saha,24,M,0
VIC01241,CASE00984,Ekta Madan,21,F,0
VIC01242,CASE00985,Caleb Oza,21,M,0
VIC01243,CASE00985,Avi Sarin,18,M,0
VIC01244,CASE00986,Kiaan Kashyap,29,M,0
VIC01245,CASE00987,Ikshita Keer,21,F,0
VIC01246,CASE00988,Matthew Raja,11,M,0
VIC01247,CASE00989,Karan Suri,30,M,0
VIC01248,CASE00989,Rayaan Pandya,12,M,0
VIC01249,CASE00990,Ayush Sarna,34,M,0
VIC01250,CASE00991,Praneel Sampath,50,M,0
VIC01251,CASE00991,Yug Natarajan,79,M,0
VIC01252,CASE00992,Oscar Shroff,33,M,0
VIC01253,CASE00993,Yatan Garde,7,M,0
VIC01254,CASE00994,Ekiya Bhat,16,T,0
VIC01255,CASE00995,Falan Balakrishnan,14,M,0
VIC01256,CASE00995,Maanav Gara,53,M,0
VIC01257,CASE00996,Anvi Palla,25,F,0
VIC01258,CASE00997,Jatin Bir,8,M,0
VIC01259,CASE00998,George Din,74,M,0
VIC01260,CASE00999,Omkaar Banerjee,54,M,0
VIC01261,CASE01000,Kalpit Swamy,77,M,0
VIC01262,CASE01000,Bahadurjit Narang,30,M,0
VIC01263,CASE01001,Fariq Kaur,6,M,0
VIC01264,CASE01002,Anthony Amble,76,M,0
VIC01265,CASE01003,Aradhana Karan,58,F,0
VIC01266,CASE01004,Mitesh Soni,10,M,0
VIC01267,CASE01004,Isaac Puri,55,M,0
VIC01268,CASE01005,Veer Sood,70,M,0
VIC01269,CASE01006,Darpan Bose,12,M,0
VIC01270,CASE01006,Orinder Parmar,41,M,0
VIC01271,CASE01007,Ranbir Chaudhary,9,M,0
VIC01272,CASE01008,Aachal Kale,55,F,0
VIC01273,CASE01008,Yashawini Mitter,44,F,0
VIC01274,CASE01009,Ekaraj Chowdhury,77,M,0
VIC01275,CASE01010,Yagnesh Rai,43,M,0
VIC01276,CASE01010,Neel Mane,53,M,0
VIC01277,CASE01011,Quincy Sheth,21,M,0
VIC01278,CASE01012,Naksh Char,60,M,0
VIC01279,CASE01013,Krish Yohannan,23,M,0
VIC01280,CASE01014,Manbir Tara,57,M,0
VIC01281,CASE01015,Vaishnavi Chaudhari,48,F,0
VIC01282,CASE01016,Jackson Sekhon,24,M,0
VIC01283,CASE01017,Tarak Thakur,70,M,0
VIC01284,CASE01018,Farhan Agarwal,68,M,0
VIC01285,CASE01019,Karan Deshmukh,57,M,0
VIC01286,CASE01020,Ishwar Prakash,44,M,0
VIC01287,CASE01021,Rushil Sankaran,78,M,0
VIC01288,CASE01022,Orinder Chaudhari,30,M,0
VIC01289,CASE01022,Kiaan Bal,35,M,0
VIC01290,CASE01023,Brijesh Chacko,41,M,0
VIC01291,CASE01024,Yoshita Krishnan,28,F,0
VIC01292,CASE01024,Libni Mangal,12,F,0
VIC01293,CASE01025,Faris Nayar,33,M,0
VIC01294,CASE01026,Gautam Kohli,30,M,0
VIC01295,CASE01027,Eshana Balay,35,F,0
VIC01296,CASE01028,Guneet Choudhry,51,M,0
VIC01297,CASE01029,Anmol Badal,52,M,0
VIC01298,CASE01029,Chaman Basak,39,F,0
VIC01299,CASE01030,Vrinda Aurora,54,F,0
VIC01300,CASE01031,Parth Bhandari,63,M,0
VIC01301,CASE01032,Avi Bali,39,M,0
VIC01302,CASE01032,Reyansh Purohit,47,M,0
VIC01303,CASE01033,Yagnesh Majumdar,35,M,0
VIC01304,CASE01034,Ekaraj Ganesan,65,M,0
VIC01305,CASE01034,Eesha Balasubramanian,39,T,0
VIC01306,CASE01035,Owen Ranganathan,69,M,0
VIC01307,CASE01035,Yug Gupta,13,M,0
VIC01308,CASE01036,Aarav Mane,40,M,0
VIC01309,CASE01036,Balvan Gade,27,M,0
VIC01310,CASE01037,Dev Chacko,7,M,0
VIC01311,CASE01038,Yatin Choudhary,44,M,0
VIC01312,CASE01039,Jalsa Dasgupta,28,F,0
VIC01313,CASE01040,Ayush Setty,46,M,0
VIC01314,CASE01040,Hemangini Mohanty,52,F,0
VIC01315,CASE01041,Manan Jani,62,M,0
VIC01316,CASE01041,Nicholas Chahal,35,M,0
VIC01317,CASE01042,Agastya Tak,40,M,0
VIC01318,CASE01043,Noah Kata,80,M,0
VIC01319,CASE01044,Yuvraj Thakur,54,M,0
VIC01320,CASE01045,Pushti Choudhry,41,F,0
VIC01321,CASE01046,Bhavani Randhawa,38,T,0
VIC01322,CASE01047,Dakshesh Naidu,25,M,0
VIC01323,CASE01048,Sanaya Gaba,43,F,0
VIC01324,CASE01048,Fitan Hayre,44,M,0
VIC01325,CASE01049,Fariq Parikh,12,M,0
VIC01326,CASE01050,Umang Shere,33,M,0
VIC01327,CASE01050,Gagan Suri,63,M,0
VIC01328,CASE01051,Oliver Sant,7,M,0
VIC01329,CASE01052,Jacob Chada,20,M,0
VIC01330,CASE01053,Indira Karan,50,F,0
VIC01331,CASE01053,Niharika Kalla,23,F,0
VIC01332,CASE01054,Elijah Konda,75,M,0
VIC01333,CASE01055,Aarnav Toor,76,M,0
VIC01334,CASE01055,Samar Subramanian,25,M,0
VIC01335,CASE01056,Akshay Mitra,40,M,0
VIC01336,CASE01057,Qadim Parmar,69,M,0
VIC01337,CASE01058,Manbir Chaudhuri,68,M,0
VIC01338,CASE01058,Jason Nayar,68,M,0
VIC01339,CASE01059,Manbir Mistry,25,M,0
VIC01340,CASE01060,Udant Choudhury,57,M,0
VIC01341,CASE01061,Zansi Bora,23,F,0
VIC01342,CASE01062,Widisha Das,64,F,0
VIC01343,CASE01063,Pratyush Pillay,60,M,0
VIC01344,CASE01063,Nathaniel Bumb,46,M,0
VIC01345,CASE01064,Arjun Bala,64,M,0
VIC01346,CASE01064,Nakul Ramesh,40,M,0
VIC01347,CASE01065,Ekansh Agarwal,10,M,0
VIC01348,CASE01066,Vyanjana Bhalla,61,F,0
VIC01349,CASE01067,Udarsh Tailor,52,M,0
VIC01350,CASE01068,Gavin Sibal,10,M,0
VIC01351,CASE01069,Jack Sethi,24,M,0
VIC01352,CASE01070,Suhani Dara,27,F,0
VIC01353,CASE01070,Ayaan Bala,13,M,0
VIC01354,CASE01071,Yuvraj Bhargava,64,M,0
VIC01355,CASE01072,Rishi Ramesh,8,M,0
VIC01356,CASE01073,Ikbal Choudhry,78,M,0
VIC01357,CASE01074,Anay Mallick,32,M,0
VIC01358,CASE01075,Hredhaan Dhar,16,M,0
VIC01359,CASE01075,Yug Pau,26,M,0
VIC01360,CASE01076,Aayush Kar,30,M,0
VIC01361,CASE01077,Ojas Venkatesh,49,M,0
VIC01362,CASE01077,Bahadurjit Lad,71,M,0
VIC01363,CASE01078,Hredhaan Dara,8,M,0
VIC01364,CASE01078,Ayushman Palla,28,M,0
VIC01365,CASE01079,Anika Sibal,49,F,0
VIC01366,CASE01079,Omkaar Sidhu,52,M,0
VIC01367,CASE01080,Radhika Dhillon,32,F,0
VIC01368,CASE01081,Wridesh Bedi,24,M,0
VIC01369,CASE01082,Samesh Bhatnagar,29,M,0
VIC01370,CASE01082,Yutika Balan,27,F,0
VIC01371,CASE01083,Samaksh Yadav,65,M,0
VIC01372,CASE01084,Kritika Golla,33,F,0
VIC01373,CASE01085,Tristan Bains,59,M,0
VIC01374,CASE01086,Frado Vora,9,M,0
VIC01375,CASE01087,Harrison Lata,11,M,0
VIC01376,CASE01087,Quincy Pillay,63,M,0
VIC01377,CASE01088,Aarush Chawla,54,M,0
VIC01378,CASE01089,Vedhika Mangal,20,F,0
VIC01379,CASE01089,Wahab Viswanathan,25,M,0
VIC01380,CASE01090,Fariq Rai,17,M,0
VIC01381,CASE01091,Amol Mitra,24,M,0
VIC01382,CASE01092,Veer Jhaveri,75,M,0
VIC01383,CASE01092,Gaurav Raman,76,M,0
VIC01384,CASE01093,Maanas Dubey,68,M,0
VIC01385,CASE01094,Jagvi Toor,38,F,0
VIC01386,CASE01094,Reyansh Sama,38,M,0
VIC01387,CASE01095,Arjun Banerjee,46,M,0
VIC01388,CASE01095,Ansh Vala,38,M,0
VIC01389,CASE01096,Veer Rege,32,M,0
VIC01390,CASE01097,Sai Sharaf,25,M,0
VIC01391,CASE01098,Warjas Sastry,42,M,0
VIC01392,CASE01099,Ria Khalsa,49,T,0
VIC01393,CASE01100,Abdul Seshadri,28,M,0
VIC01394,CASE01101,Victor Pant,50,M,0
VIC01395,CASE01102,Kabir Kunda,28,M,0
VIC01396,CASE01102,Rachita Mutti,48,F,0
VIC01397,CASE01103,Ryan Mann,11,M,0
VIC01398,CASE01104,Anay Dada,66,M,0
VIC01399,CASE01104,Eesha Gulati,36,F,0
VIC01400,CASE01105,Gaurika Sodhi,19,F,0
VIC01401,CASE01106,Liam Nayak,67,M,0
VIC01402,CASE01107,Jonathan Krishnamurthy,35,M,0
VIC01403,CASE01108,Faris Bhardwaj,45,M,0
VIC01404,CASE01109,Amruta Wali,44,F,0
VIC01405,CASE01110,Manan Brar,46,M,0
VIC01406,CASE01111,Noah Dhar,14,M,0
VIC01407,CASE01112,Rushil Aurora,27,M,0
VIC01408,CASE01113,Naveen Bali,70,M,0
VIC01409,CASE01113,Hema Tata,56,F,0
VIC01410,CASE01114,Frederick Grover,65,M,0
VIC01411,CASE01115,Wahab Misra,45,M,0
VIC01412,CASE01116,Gaurangi Nazareth,10,F,0
VIC01413,CASE01117,Aarnav Mohan,77,M,0
VIC01414,CASE01118,Eiravati Rajagopal,13,F,0
VIC01415,CASE01119,Thomas Pandey,39,M,0
VIC01416,CASE01120,Charles Kashyap,48,M,0
VIC01417,CASE01121,Harish Jayaraman,7,M,0
VIC01418,CASE01122,Banjeet Bains,53,M,0
VIC01419,CASE01123,Chanakya Bhagat,62,M,0
VIC01420,CASE01124,Ranbir Kar,28,M,0
VIC01421,CASE01124,Yash Deshpande,5,M,0
VIC01422,CASE01125,Max Biswas,26,M,0
VIC01423,CASE01126,Nilima Dani,6,F,0
VIC01424,CASE01126,Imaran Jani,68,M,0
VIC01425,CASE01127,Charles Joshi,16,M,0
VIC01426,CASE01128,Xavier Bumb,30,M,0
VIC01427,CASE01129,Dominic Tiwari,60,M,0
VIC01428,CASE01130,Jeremiah Chakraborty,77,M,0
VIC01429,CASE01130,Aayush Sule,56,M,0
VIC01430,CASE01131,Ikbal More,71,M,0
VIC01431,CASE01132,Utkarsh Balay,26,M,0
VIC01432,CASE01132,Ayush Ratti,66,M,0
VIC01433,CASE01133,Andrew Dixit,28,M,0
VIC01434,CASE01134,Ayaan Mangat,54,M,0
VIC01435,CASE01135,Atharv Murthy,48,M,0
VIC01436,CASE01136,Daksh Arya,58,M,0
VIC01437,CASE01136,Teerth Mukherjee,31,M,0
VIC01438,CASE01137,Max Kohli,16,M,0
VIC01439,CASE01138,Bachittar Raval,29,M,0
VIC01440,CASE01138,Owen Kaur,70,M,0
VIC01441,CASE01139,Oscar Natt,20,M,0
VIC01442,CASE01140,Tanay Rattan,20,M,0
VIC01443,CASE01141,Logan Bains,8,M,0
VIC01444,CASE01142,Naksh Kota,53,M,0
VIC01445,CASE01143,Manya Mahal,77,T,0
VIC01446,CASE01144,Sudiksha Mannan,41,F,0
VIC01447,CASE01144,Ishwar Hora,11,M,0
VIC01448,CASE01145,Indrajit Vala,76,M,0
VIC01449,CASE01146,Pranit Setty,44,M,0
VIC01450,CASE01146,Frederick Keer,60,M,0
VIC01451,CASE01147,Aayush Bawa,78,M,0
VIC01452,CASE01147,Champak Ratti,62,M,0
VIC01453,CASE01148,Dipta Dani,16,F,0
VIC01454,CASE01149,Rachita Bakshi,54,F,0
VIC01455,CASE01149,Radhika Banik,59,F,0
VIC01456,CASE01150,Sarthak Sama,47,M,0
VIC01457,CASE01151,Kalpit Subramanian,36,M,0
VIC01458,CASE01152,Chakradev Wadhwa,33,M,0
VIC01459,CASE01153,Abhiram Nayar,80,M,0
VIC01460,CASE01153,Saksham Ratti,39,M,0
VIC01461,CASE01154,Liam Solanki,64,M,0
VIC01462,CASE01154,Ranveer Barad,19,M,0
VIC01463,CASE01155,Harshil Tella,53,M,0
VIC01464,CASE01156,Jackson Mohan,11,M,0
VIC01465,CASE01157,Quincy Saini,6,M,0
VIC01466,CASE01158,Aarav Wagle,19,M,0
VIC01467,CASE01159,Praneel Pandey,64,M,0
VIC01468,CASE01160,Arin Khare,59,M,0
VIC01469,CASE01160,Ethan Bhandari,15,M,0
VIC01470,CASE01161,Simon Misra,72,M,0
VIC01471,CASE01162,Harish Mittal,49,M,0
VIC01472,CASE01163,Ikbal Singh,60,M,0
VIC01473,CASE01164,Jack Wali,47,M,0
VIC01474,CASE01165,Chameli Chad,42,F,0
VIC01475,CASE01166,Hitesh Khosla,37,M,0
VIC01476,CASE01167,Gautami Mitra,44,F,0
VIC01477,CASE01168,Nakul Nanda,80,M,0
VIC01478,CASE01169,Fiyaz Kuruvilla,36,M,0
VIC01479,CASE01170,Gunbir Kar,62,M,0
VIC01480,CASE01171,Ekalinga Bora,39,M,0
VIC01481,CASE01172,Zehaan Borde,72,M,0
VIC01482,CASE01172,Hardik Borde,76,M,0
VIC01483,CASE01173,Advik Atwal,11,M,0
VIC01484,CASE01174,Farhan Bansal,21,M,0
VIC01485,CASE01175,Aditya Dayal,32,M,0
VIC01486,CASE01175,Yahvi Lall,73,F,0
VIC01487,CASE01176,Aayush Babu,25,M,0
VIC01488,CASE01177,Chasmum Walia,78,F,0
VIC01489,CASE01178,Farhan Deshpande,27,M,0
VIC01490,CASE01178,Isaiah Dubey,66,M,0
VIC01491,CASE01179,Girik Dhingra,43,M,0
VIC01492,CASE01180,Krishna Khatri,57,M,0
VIC01493,CASE01181,Ayaan Rama,79,M,0
VIC01494,CASE01182,Pavani Kant,21,F,0
VIC01495,CASE01183,Jason Mahajan,10,M,0
VIC01496,CASE01184,Chatresh Parmar,60,M,0
VIC01497,CASE01185,Champak Badami,13,M,0
VIC01498,CASE01186,Laban Puri,33,M,0
VIC01499,CASE01187,Kavya Wadhwa,23,F,0
VIC01500,CASE01188,Rudra Dani,19,M,0
VIC01501,CASE01189,Tanveer Banerjee,64,M,0
VIC01502,CASE01190,Bimala Nori,50,F,0
VIC01503,CASE01191,Qabil Shroff,79,M,0
VIC01504,CASE01191,Ayush Ram,65,M,0
VIC01505,CASE01192,Fariq Banerjee,60,M,0
VIC01506,CASE01193,Nilima Mishra,32,F,0
VIC01507,CASE01194,Jacob Sura,51,M,0
VIC01508,CASE01195,Bahadurjit Cheema,46,M,0
VIC01509,CASE01196,Shaurya Nayar,15,M,0
VIC01510,CASE01196,Oliver Murty,74,M,0
VIC01511,CASE01197,Lohit Char,31,M,0
VIC01512,CASE01198,Gayathri Sarraf,29,F,0
VIC01513,CASE01199,Rehaan Guha,22,M,0
VIC01514,CASE01199,Saksham Pandit,36,M,0
VIC01515,CASE01200,George Sankaran,42,M,0
